Model,Seed,Epoch,Train_Acc,Test_Acc,F1,AUROC,Epoch_time
CNN_Adam_lr0.0001_wd0.0,42,1,0.671,0.646,0.5986,0.7495,10.97
CNN_Adam_lr0.0001_wd0.0,42,2,0.734,0.654,0.5811,0.7547,0.61
CNN_Adam_lr0.0001_wd0.0,42,3,0.761,0.7,0.7059,0.767,0.61
CNN_Adam_lr0.0001_wd0.0,42,4,0.767,0.678,0.6653,0.764,0.62
CNN_Adam_lr0.0001_wd0.0,42,5,0.771,0.702,0.6902,0.7804,0.61
CNN_Adam_lr0.0001_wd0.0,42,6,0.779,0.672,0.6132,0.7794,0.6
CNN_Adam_lr0.0001_wd0.0,42,7,0.778,0.642,0.5398,0.7897,0.6
CNN_Adam_lr0.0001_wd0.0,42,8,0.774,0.716,0.7259,0.7938,0.6
CNN_Adam_lr0.0001_wd0.0,42,9,0.783,0.682,0.6311,0.7967,0.64
CNN_Adam_lr0.0001_wd0.0,42,10,0.779,0.668,0.6066,0.7937,0.63
SteerableGCNN_Adam_lr0.0001_wd0.0,42,1,0.429,0.488,0.0376,0.6579,3.43
SteerableGCNN_Adam_lr0.0001_wd0.0,42,2,0.575,0.55,0.4472,0.6841,2.35
SteerableGCNN_Adam_lr0.0001_wd0.0,42,3,0.652,0.618,0.591,0.6876,2.34
SteerableGCNN_Adam_lr0.0001_wd0.0,42,4,0.691,0.648,0.6255,0.7106,2.34
SteerableGCNN_Adam_lr0.0001_wd0.0,42,5,0.706,0.652,0.6282,0.7243,2.34
SteerableGCNN_Adam_lr0.0001_wd0.0,42,6,0.711,0.682,0.6814,0.7394,2.34
SteerableGCNN_Adam_lr0.0001_wd0.0,42,7,0.731,0.684,0.6802,0.7414,2.34
SteerableGCNN_Adam_lr0.0001_wd0.0,42,8,0.738,0.694,0.6946,0.7597,2.34
SteerableGCNN_Adam_lr0.0001_wd0.0,42,9,0.751,0.706,0.7089,0.767,2.34
SteerableGCNN_Adam_lr0.0001_wd0.0,42,10,0.752,0.696,0.6885,0.7714,2.35
GCNN_CYCLIC_4_Adam_lr0.0001_wd0.0,42,1,0.638,0.712,0.7353,0.788,2.81
GCNN_CYCLIC_4_Adam_lr0.0001_wd0.0,42,2,0.765,0.698,0.6591,0.8003,1.16
GCNN_CYCLIC_4_Adam_lr0.0001_wd0.0,42,3,0.769,0.736,0.7609,0.8065,1.16
GCNN_CYCLIC_4_Adam_lr0.0001_wd0.0,42,4,0.785,0.722,0.6985,0.8108,1.16
GCNN_CYCLIC_4_Adam_lr0.0001_wd0.0,42,5,0.78,0.704,0.6574,0.8102,1.16
GCNN_CYCLIC_4_Adam_lr0.0001_wd0.0,42,6,0.805,0.736,0.7519,0.8022,1.16
GCNN_CYCLIC_4_Adam_lr0.0001_wd0.0,42,7,0.805,0.72,0.6943,0.8116,1.16
GCNN_CYCLIC_4_Adam_lr0.0001_wd0.0,42,8,0.795,0.734,0.7621,0.8149,1.16
GCNN_CYCLIC_4_Adam_lr0.0001_wd0.0,42,9,0.778,0.718,0.6846,0.8189,1.16
GCNN_CYCLIC_4_Adam_lr0.0001_wd0.0,42,10,0.803,0.746,0.7445,0.8218,1.16
GCNN_DIHEDRAL_4_Adam_lr0.0001_wd0.0,42,1,0.705,0.688,0.688,0.7584,2.19
GCNN_DIHEDRAL_4_Adam_lr0.0001_wd0.0,42,2,0.755,0.698,0.726,0.7681,2.19
GCNN_DIHEDRAL_4_Adam_lr0.0001_wd0.0,42,3,0.755,0.696,0.7077,0.783,2.19
GCNN_DIHEDRAL_4_Adam_lr0.0001_wd0.0,42,4,0.767,0.69,0.683,0.7752,2.19
GCNN_DIHEDRAL_4_Adam_lr0.0001_wd0.0,42,5,0.783,0.698,0.6794,0.7838,2.19
GCNN_DIHEDRAL_4_Adam_lr0.0001_wd0.0,42,6,0.77,0.662,0.6269,0.7853,2.19
GCNN_DIHEDRAL_4_Adam_lr0.0001_wd0.0,42,7,0.773,0.726,0.7567,0.7921,2.19
GCNN_DIHEDRAL_4_Adam_lr0.0001_wd0.0,42,8,0.789,0.708,0.7483,0.7914,2.19
GCNN_DIHEDRAL_4_Adam_lr0.0001_wd0.0,42,9,0.783,0.694,0.6819,0.8022,2.19
GCNN_DIHEDRAL_4_Adam_lr0.0001_wd0.0,42,10,0.794,0.702,0.6809,0.7973,2.19
CNN_Adam_lr0.0001_wd0.0001,42,1,0.694,0.632,0.5468,0.7649,0.82
CNN_Adam_lr0.0001_wd0.0001,42,2,0.742,0.698,0.7146,0.7738,0.63
CNN_Adam_lr0.0001_wd0.0001,42,3,0.763,0.636,0.5309,0.783,0.63
CNN_Adam_lr0.0001_wd0.0001,42,4,0.755,0.686,0.6638,0.7855,0.63
CNN_Adam_lr0.0001_wd0.0001,42,5,0.759,0.696,0.6972,0.7903,0.63
CNN_Adam_lr0.0001_wd0.0001,42,6,0.77,0.68,0.6567,0.7933,0.63
CNN_Adam_lr0.0001_wd0.0001,42,7,0.769,0.7,0.6976,0.7948,0.63
CNN_Adam_lr0.0001_wd0.0001,42,8,0.787,0.698,0.6794,0.7936,0.63
CNN_Adam_lr0.0001_wd0.0001,42,9,0.788,0.706,0.7135,0.7958,0.63
CNN_Adam_lr0.0001_wd0.0001,42,10,0.789,0.698,0.6834,0.7986,0.63
SteerableGCNN_Adam_lr0.0001_wd0.0001,42,1,0.601,0.644,0.711,0.68,2.34
SteerableGCNN_Adam_lr0.0001_wd0.0001,42,2,0.612,0.656,0.7261,0.741,2.34
SteerableGCNN_Adam_lr0.0001_wd0.0001,42,3,0.622,0.674,0.7465,0.7926,2.34
SteerableGCNN_Adam_lr0.0001_wd0.0001,42,4,0.611,0.74,0.7833,0.8056,2.34
SteerableGCNN_Adam_lr0.0001_wd0.0001,42,5,0.645,0.728,0.7741,0.8022,2.33
SteerableGCNN_Adam_lr0.0001_wd0.0001,42,6,0.665,0.732,0.7736,0.8047,2.34
SteerableGCNN_Adam_lr0.0001_wd0.0001,42,7,0.689,0.744,0.7793,0.8038,2.34
SteerableGCNN_Adam_lr0.0001_wd0.0001,42,8,0.697,0.75,0.7795,0.8061,2.34
SteerableGCNN_Adam_lr0.0001_wd0.0001,42,9,0.703,0.744,0.7746,0.8093,2.34
SteerableGCNN_Adam_lr0.0001_wd0.0001,42,10,0.707,0.758,0.7804,0.8097,2.34
GCNN_CYCLIC_4_Adam_lr0.0001_wd0.0001,42,1,0.569,0.664,0.6316,0.7627,1.16
GCNN_CYCLIC_4_Adam_lr0.0001_wd0.0001,42,2,0.677,0.658,0.722,0.7252,1.16
GCNN_CYCLIC_4_Adam_lr0.0001_wd0.0001,42,3,0.731,0.678,0.6898,0.7605,1.16
GCNN_CYCLIC_4_Adam_lr0.0001_wd0.0001,42,4,0.747,0.698,0.7568,0.733,1.16
GCNN_CYCLIC_4_Adam_lr0.0001_wd0.0001,42,5,0.723,0.678,0.6552,0.7677,1.16
GCNN_CYCLIC_4_Adam_lr0.0001_wd0.0001,42,6,0.74,0.696,0.682,0.7756,1.16
GCNN_CYCLIC_4_Adam_lr0.0001_wd0.0001,42,7,0.756,0.624,0.5,0.776,1.16
GCNN_CYCLIC_4_Adam_lr0.0001_wd0.0001,42,8,0.763,0.704,0.7186,0.7889,1.16
GCNN_CYCLIC_4_Adam_lr0.0001_wd0.0001,42,9,0.76,0.738,0.7698,0.7874,1.16
GCNN_CYCLIC_4_Adam_lr0.0001_wd0.0001,42,10,0.789,0.686,0.6323,0.7963,1.16
GCNN_DIHEDRAL_4_Adam_lr0.0001_wd0.0001,42,1,0.661,0.64,0.5755,0.756,2.19
GCNN_DIHEDRAL_4_Adam_lr0.0001_wd0.0001,42,2,0.719,0.652,0.6375,0.7613,2.19
GCNN_DIHEDRAL_4_Adam_lr0.0001_wd0.0001,42,3,0.761,0.634,0.5414,0.7722,2.19
GCNN_DIHEDRAL_4_Adam_lr0.0001_wd0.0001,42,4,0.761,0.694,0.7041,0.7762,2.19
GCNN_DIHEDRAL_4_Adam_lr0.0001_wd0.0001,42,5,0.788,0.716,0.7641,0.771,2.2
GCNN_DIHEDRAL_4_Adam_lr0.0001_wd0.0001,42,6,0.761,0.67,0.6467,0.7825,2.19
GCNN_DIHEDRAL_4_Adam_lr0.0001_wd0.0001,42,7,0.787,0.678,0.6523,0.7893,2.19
GCNN_DIHEDRAL_4_Adam_lr0.0001_wd0.0001,42,8,0.782,0.694,0.6909,0.7858,2.2
GCNN_DIHEDRAL_4_Adam_lr0.0001_wd0.0001,42,9,0.778,0.686,0.6488,0.7984,2.2
GCNN_DIHEDRAL_4_Adam_lr0.0001_wd0.0001,42,10,0.787,0.722,0.7459,0.7912,2.19
CNN_Adam_lr0.001_wd0.0,42,1,0.666,0.684,0.6973,0.7536,0.63
CNN_Adam_lr0.001_wd0.0,42,2,0.749,0.692,0.7326,0.7459,0.63
CNN_Adam_lr0.001_wd0.0,42,3,0.749,0.71,0.7504,0.7681,0.63
CNN_Adam_lr0.001_wd0.0,42,4,0.758,0.658,0.6415,0.7488,0.63
CNN_Adam_lr0.001_wd0.0,42,5,0.765,0.72,0.7426,0.7782,0.63
CNN_Adam_lr0.001_wd0.0,42,6,0.77,0.706,0.7179,0.7639,0.63
CNN_Adam_lr0.001_wd0.0,42,7,0.787,0.688,0.6892,0.7763,0.63
CNN_Adam_lr0.001_wd0.0,42,8,0.78,0.714,0.7357,0.7787,0.63
CNN_Adam_lr0.001_wd0.0,42,9,0.779,0.682,0.6826,0.757,0.63
CNN_Adam_lr0.001_wd0.0,42,10,0.777,0.712,0.7313,0.7832,0.63
SteerableGCNN_Adam_lr0.001_wd0.0,42,1,0.666,0.648,0.689,0.7256,2.34
SteerableGCNN_Adam_lr0.001_wd0.0,42,2,0.728,0.69,0.6737,0.773,2.34
SteerableGCNN_Adam_lr0.001_wd0.0,42,3,0.774,0.704,0.7176,0.7764,2.34
SteerableGCNN_Adam_lr0.001_wd0.0,42,4,0.765,0.706,0.7018,0.787,2.34
SteerableGCNN_Adam_lr0.001_wd0.0,42,5,0.788,0.71,0.7173,0.7964,2.34
SteerableGCNN_Adam_lr0.001_wd0.0,42,6,0.765,0.714,0.7276,0.8022,2.34
SteerableGCNN_Adam_lr0.001_wd0.0,42,7,0.766,0.726,0.7532,0.7915,2.34
SteerableGCNN_Adam_lr0.001_wd0.0,42,8,0.777,0.718,0.7174,0.7932,2.34
SteerableGCNN_Adam_lr0.001_wd0.0,42,9,0.796,0.742,0.7684,0.8109,2.34
SteerableGCNN_Adam_lr0.001_wd0.0,42,10,0.788,0.724,0.7396,0.8111,2.34
GCNN_CYCLIC_4_Adam_lr0.001_wd0.0,42,1,0.479,0.484,0.0,0.5966,1.16
GCNN_CYCLIC_4_Adam_lr0.001_wd0.0,42,2,0.691,0.696,0.7352,0.7596,1.17
GCNN_CYCLIC_4_Adam_lr0.001_wd0.0,42,3,0.738,0.716,0.7473,0.7933,1.16
GCNN_CYCLIC_4_Adam_lr0.001_wd0.0,42,4,0.774,0.688,0.6855,0.7864,1.16
GCNN_CYCLIC_4_Adam_lr0.001_wd0.0,42,5,0.772,0.73,0.7559,0.8035,1.16
GCNN_CYCLIC_4_Adam_lr0.001_wd0.0,42,6,0.782,0.698,0.6848,0.8065,1.16
GCNN_CYCLIC_4_Adam_lr0.001_wd0.0,42,7,0.787,0.668,0.601,0.7703,1.16
GCNN_CYCLIC_4_Adam_lr0.001_wd0.0,42,8,0.762,0.682,0.649,0.7817,1.16
GCNN_CYCLIC_4_Adam_lr0.001_wd0.0,42,9,0.791,0.688,0.6549,0.7878,1.16
GCNN_CYCLIC_4_Adam_lr0.001_wd0.0,42,10,0.781,0.686,0.6503,0.7889,1.16
GCNN_DIHEDRAL_4_Adam_lr0.001_wd0.0,42,1,0.633,0.578,0.4462,0.7546,2.2
GCNN_DIHEDRAL_4_Adam_lr0.001_wd0.0,42,2,0.726,0.738,0.7745,0.7535,2.19
GCNN_DIHEDRAL_4_Adam_lr0.001_wd0.0,42,3,0.747,0.644,0.57,0.7548,2.19
GCNN_DIHEDRAL_4_Adam_lr0.001_wd0.0,42,4,0.751,0.65,0.5803,0.7821,2.2
GCNN_DIHEDRAL_4_Adam_lr0.001_wd0.0,42,5,0.754,0.662,0.6219,0.786,2.2
GCNN_DIHEDRAL_4_Adam_lr0.001_wd0.0,42,6,0.768,0.59,0.3988,0.7825,2.19
GCNN_DIHEDRAL_4_Adam_lr0.001_wd0.0,42,7,0.751,0.65,0.5478,0.7738,2.2
GCNN_DIHEDRAL_4_Adam_lr0.001_wd0.0,42,8,0.754,0.66,0.6065,0.773,2.21
GCNN_DIHEDRAL_4_Adam_lr0.001_wd0.0,42,9,0.775,0.714,0.7307,0.7945,2.19
GCNN_DIHEDRAL_4_Adam_lr0.001_wd0.0,42,10,0.778,0.704,0.6838,0.796,2.19
CNN_Adam_lr0.001_wd0.0001,42,1,0.633,0.634,0.6772,0.723,0.63
CNN_Adam_lr0.001_wd0.0001,42,2,0.703,0.574,0.4867,0.6562,0.63
CNN_Adam_lr0.001_wd0.0001,42,3,0.755,0.636,0.5845,0.7531,0.63
CNN_Adam_lr0.001_wd0.0001,42,4,0.776,0.672,0.6653,0.7715,0.63
CNN_Adam_lr0.001_wd0.0001,42,5,0.779,0.638,0.5394,0.7743,0.63
CNN_Adam_lr0.001_wd0.0001,42,6,0.759,0.686,0.6763,0.7695,0.63
CNN_Adam_lr0.001_wd0.0001,42,7,0.77,0.672,0.6323,0.7783,0.63
CNN_Adam_lr0.001_wd0.0001,42,8,0.781,0.678,0.6596,0.7838,0.63
CNN_Adam_lr0.001_wd0.0001,42,9,0.773,0.664,0.6147,0.7804,0.63
CNN_Adam_lr0.001_wd0.0001,42,10,0.786,0.696,0.6911,0.7932,0.63
SteerableGCNN_Adam_lr0.001_wd0.0001,42,1,0.594,0.684,0.7524,0.7231,2.35
SteerableGCNN_Adam_lr0.001_wd0.0001,42,2,0.747,0.714,0.7478,0.7623,2.35
SteerableGCNN_Adam_lr0.001_wd0.0001,42,3,0.761,0.712,0.7283,0.7856,2.36
SteerableGCNN_Adam_lr0.001_wd0.0001,42,4,0.746,0.574,0.3486,0.7387,2.34
SteerableGCNN_Adam_lr0.001_wd0.0001,42,5,0.769,0.686,0.6391,0.7982,2.35
SteerableGCNN_Adam_lr0.001_wd0.0001,42,6,0.777,0.728,0.7589,0.7837,2.35
SteerableGCNN_Adam_lr0.001_wd0.0001,42,7,0.772,0.736,0.7651,0.7964,2.35
SteerableGCNN_Adam_lr0.001_wd0.0001,42,8,0.777,0.732,0.7581,0.8001,2.35
SteerableGCNN_Adam_lr0.001_wd0.0001,42,9,0.782,0.748,0.7675,0.8148,2.35
SteerableGCNN_Adam_lr0.001_wd0.0001,42,10,0.779,0.616,0.4545,0.8159,2.35
GCNN_CYCLIC_4_Adam_lr0.001_wd0.0001,42,1,0.696,0.668,0.6527,0.7616,1.17
GCNN_CYCLIC_4_Adam_lr0.001_wd0.0001,42,2,0.761,0.692,0.7298,0.7607,1.16
GCNN_CYCLIC_4_Adam_lr0.001_wd0.0001,42,3,0.757,0.704,0.7132,0.7656,1.16
GCNN_CYCLIC_4_Adam_lr0.001_wd0.0001,42,4,0.744,0.656,0.5924,0.7847,1.16
GCNN_CYCLIC_4_Adam_lr0.001_wd0.0001,42,5,0.738,0.704,0.7259,0.7766,1.16
GCNN_CYCLIC_4_Adam_lr0.001_wd0.0001,42,6,0.771,0.704,0.7121,0.7966,1.16
GCNN_CYCLIC_4_Adam_lr0.001_wd0.0001,42,7,0.772,0.698,0.701,0.7868,1.16
GCNN_CYCLIC_4_Adam_lr0.001_wd0.0001,42,8,0.777,0.73,0.7523,0.7898,1.16
GCNN_CYCLIC_4_Adam_lr0.001_wd0.0001,42,9,0.773,0.71,0.7184,0.7962,1.16
GCNN_CYCLIC_4_Adam_lr0.001_wd0.0001,42,10,0.791,0.718,0.7374,0.7998,1.16
GCNN_DIHEDRAL_4_Adam_lr0.001_wd0.0001,42,1,0.512,0.484,0.0,0.7336,2.2
GCNN_DIHEDRAL_4_Adam_lr0.001_wd0.0001,42,2,0.548,0.49,0.023,0.7911,2.19
GCNN_DIHEDRAL_4_Adam_lr0.001_wd0.0001,42,3,0.693,0.648,0.5294,0.7967,2.2
GCNN_DIHEDRAL_4_Adam_lr0.001_wd0.0001,42,4,0.753,0.682,0.6521,0.7562,2.2
GCNN_DIHEDRAL_4_Adam_lr0.001_wd0.0001,42,5,0.733,0.63,0.5363,0.7712,2.2
GCNN_DIHEDRAL_4_Adam_lr0.001_wd0.0001,42,6,0.727,0.7,0.7047,0.7731,2.2
GCNN_DIHEDRAL_4_Adam_lr0.001_wd0.0001,42,7,0.76,0.696,0.6885,0.7854,2.2
GCNN_DIHEDRAL_4_Adam_lr0.001_wd0.0001,42,8,0.764,0.702,0.7194,0.782,2.2
GCNN_DIHEDRAL_4_Adam_lr0.001_wd0.0001,42,9,0.768,0.696,0.6752,0.7852,2.2
GCNN_DIHEDRAL_4_Adam_lr0.001_wd0.0001,42,10,0.763,0.702,0.714,0.7888,2.2
CNN_Adam_lr0.01_wd0.0,42,1,0.545,0.72,0.7473,0.7312,0.63
CNN_Adam_lr0.01_wd0.0,42,2,0.716,0.702,0.7496,0.7627,0.63
CNN_Adam_lr0.01_wd0.0,42,3,0.729,0.628,0.5131,0.7739,0.63
CNN_Adam_lr0.01_wd0.0,42,4,0.756,0.646,0.5496,0.7895,0.63
CNN_Adam_lr0.01_wd0.0,42,5,0.755,0.714,0.7327,0.792,0.64
CNN_Adam_lr0.01_wd0.0,42,6,0.755,0.73,0.7746,0.798,0.63
CNN_Adam_lr0.01_wd0.0,42,7,0.77,0.716,0.7428,0.7951,0.63
CNN_Adam_lr0.01_wd0.0,42,8,0.766,0.74,0.7695,0.8,0.63
CNN_Adam_lr0.01_wd0.0,42,9,0.776,0.736,0.7546,0.805,0.63
CNN_Adam_lr0.01_wd0.0,42,10,0.794,0.744,0.7739,0.8138,0.63
SteerableGCNN_Adam_lr0.01_wd0.0,42,1,0.648,0.752,0.7652,0.8139,2.35
SteerableGCNN_Adam_lr0.01_wd0.0,42,2,0.732,0.734,0.778,0.8267,2.34
SteerableGCNN_Adam_lr0.01_wd0.0,42,3,0.771,0.738,0.757,0.8323,2.35
SteerableGCNN_Adam_lr0.01_wd0.0,42,4,0.765,0.68,0.75,0.8099,2.35
SteerableGCNN_Adam_lr0.01_wd0.0,42,5,0.774,0.754,0.7905,0.8375,2.35
SteerableGCNN_Adam_lr0.01_wd0.0,42,6,0.777,0.742,0.7114,0.8437,2.35
SteerableGCNN_Adam_lr0.01_wd0.0,42,7,0.785,0.646,0.737,0.81,2.35
SteerableGCNN_Adam_lr0.01_wd0.0,42,8,0.783,0.73,0.6897,0.8367,2.35
SteerableGCNN_Adam_lr0.01_wd0.0,42,9,0.792,0.742,0.7633,0.8341,2.35
SteerableGCNN_Adam_lr0.01_wd0.0,42,10,0.798,0.682,0.5934,0.8469,2.35
GCNN_CYCLIC_4_Adam_lr0.01_wd0.0,42,1,0.519,0.516,0.6807,0.6069,1.16
GCNN_CYCLIC_4_Adam_lr0.01_wd0.0,42,2,0.585,0.656,0.7065,0.6596,1.16
GCNN_CYCLIC_4_Adam_lr0.01_wd0.0,42,3,0.647,0.67,0.7343,0.688,1.16
GCNN_CYCLIC_4_Adam_lr0.01_wd0.0,42,4,0.651,0.67,0.741,0.7488,1.16
GCNN_CYCLIC_4_Adam_lr0.01_wd0.0,42,5,0.656,0.638,0.6774,0.6939,1.17
GCNN_CYCLIC_4_Adam_lr0.01_wd0.0,42,6,0.654,0.662,0.7207,0.7054,1.17
GCNN_CYCLIC_4_Adam_lr0.01_wd0.0,42,7,0.632,0.66,0.7195,0.7046,1.16
GCNN_CYCLIC_4_Adam_lr0.01_wd0.0,42,8,0.639,0.664,0.7255,0.6022,1.16
GCNN_CYCLIC_4_Adam_lr0.01_wd0.0,42,9,0.653,0.67,0.7326,0.6159,1.16
GCNN_CYCLIC_4_Adam_lr0.01_wd0.0,42,10,0.658,0.666,0.7319,0.7106,1.17
GCNN_DIHEDRAL_4_Adam_lr0.01_wd0.0,42,1,0.621,0.66,0.7276,0.5797,2.19
GCNN_DIHEDRAL_4_Adam_lr0.01_wd0.0,42,2,0.648,0.668,0.7331,0.5909,2.22
GCNN_DIHEDRAL_4_Adam_lr0.01_wd0.0,42,3,0.647,0.67,0.7334,0.5832,2.2
GCNN_DIHEDRAL_4_Adam_lr0.01_wd0.0,42,4,0.653,0.672,0.7461,0.5701,2.2
GCNN_DIHEDRAL_4_Adam_lr0.01_wd0.0,42,5,0.647,0.664,0.7246,0.7563,2.2
GCNN_DIHEDRAL_4_Adam_lr0.01_wd0.0,42,6,0.655,0.666,0.7302,0.7541,2.2
GCNN_DIHEDRAL_4_Adam_lr0.01_wd0.0,42,7,0.646,0.666,0.7458,0.7524,2.2
GCNN_DIHEDRAL_4_Adam_lr0.01_wd0.0,42,8,0.651,0.706,0.703,0.7648,2.2
GCNN_DIHEDRAL_4_Adam_lr0.01_wd0.0,42,9,0.674,0.672,0.7372,0.7511,2.2
GCNN_DIHEDRAL_4_Adam_lr0.01_wd0.0,42,10,0.66,0.67,0.7434,0.7736,2.2
CNN_Adam_lr0.01_wd0.0001,42,1,0.612,0.668,0.7414,0.6025,0.63
CNN_Adam_lr0.01_wd0.0001,42,2,0.639,0.668,0.7382,0.7492,0.63
CNN_Adam_lr0.01_wd0.0001,42,3,0.649,0.66,0.7385,0.7752,0.64
CNN_Adam_lr0.01_wd0.0001,42,4,0.712,0.708,0.7474,0.7631,0.63
CNN_Adam_lr0.01_wd0.0001,42,5,0.688,0.706,0.7521,0.7872,0.63
CNN_Adam_lr0.01_wd0.0001,42,6,0.707,0.724,0.7273,0.8002,0.63
CNN_Adam_lr0.01_wd0.0001,42,7,0.744,0.682,0.6948,0.77,0.63
CNN_Adam_lr0.01_wd0.0001,42,8,0.743,0.7,0.7137,0.7833,0.63
CNN_Adam_lr0.01_wd0.0001,42,9,0.749,0.672,0.6435,0.7714,0.63
CNN_Adam_lr0.01_wd0.0001,42,10,0.772,0.674,0.6147,0.7878,0.63
SteerableGCNN_Adam_lr0.01_wd0.0001,42,1,0.741,0.676,0.6694,0.7298,2.34
SteerableGCNN_Adam_lr0.01_wd0.0001,42,2,0.758,0.594,0.4408,0.7042,2.34
SteerableGCNN_Adam_lr0.01_wd0.0001,42,3,0.765,0.588,0.3832,0.7909,2.34
SteerableGCNN_Adam_lr0.01_wd0.0001,42,4,0.763,0.726,0.737,0.8045,2.34
SteerableGCNN_Adam_lr0.01_wd0.0001,42,5,0.764,0.71,0.6697,0.8058,2.34
SteerableGCNN_Adam_lr0.01_wd0.0001,42,6,0.779,0.622,0.4457,0.8313,2.34
SteerableGCNN_Adam_lr0.01_wd0.0001,42,7,0.787,0.742,0.7725,0.8061,2.35
SteerableGCNN_Adam_lr0.01_wd0.0001,42,8,0.778,0.744,0.7647,0.8228,2.34
SteerableGCNN_Adam_lr0.01_wd0.0001,42,9,0.775,0.64,0.5263,0.8,2.34
SteerableGCNN_Adam_lr0.01_wd0.0001,42,10,0.776,0.738,0.7082,0.8267,2.34
GCNN_CYCLIC_4_Adam_lr0.01_wd0.0001,42,1,0.502,0.484,0.0,0.5257,1.16
GCNN_CYCLIC_4_Adam_lr0.01_wd0.0001,42,2,0.503,0.484,0.0,0.5617,1.16
GCNN_CYCLIC_4_Adam_lr0.01_wd0.0001,42,3,0.511,0.484,0.0,0.6703,1.16
GCNN_CYCLIC_4_Adam_lr0.01_wd0.0001,42,4,0.539,0.484,0.0,0.7538,1.16
GCNN_CYCLIC_4_Adam_lr0.01_wd0.0001,42,5,0.601,0.582,0.7085,0.6337,1.16
GCNN_CYCLIC_4_Adam_lr0.01_wd0.0001,42,6,0.635,0.626,0.6702,0.6126,1.16
GCNN_CYCLIC_4_Adam_lr0.01_wd0.0001,42,7,0.663,0.622,0.6595,0.6207,1.16
GCNN_CYCLIC_4_Adam_lr0.01_wd0.0001,42,8,0.658,0.646,0.6964,0.6296,1.16
GCNN_CYCLIC_4_Adam_lr0.01_wd0.0001,42,9,0.657,0.638,0.6841,0.6177,1.17
GCNN_CYCLIC_4_Adam_lr0.01_wd0.0001,42,10,0.658,0.666,0.7231,0.6212,1.16
GCNN_DIHEDRAL_4_Adam_lr0.01_wd0.0001,42,1,0.521,0.484,0.0,0.7125,2.2
GCNN_DIHEDRAL_4_Adam_lr0.01_wd0.0001,42,2,0.55,0.484,0.0,0.7539,2.2
GCNN_DIHEDRAL_4_Adam_lr0.01_wd0.0001,42,3,0.578,0.704,0.7385,0.7537,2.2
GCNN_DIHEDRAL_4_Adam_lr0.01_wd0.0001,42,4,0.666,0.484,0.0,0.6433,2.2
GCNN_DIHEDRAL_4_Adam_lr0.01_wd0.0001,42,5,0.668,0.686,0.748,0.7737,2.2
GCNN_DIHEDRAL_4_Adam_lr0.01_wd0.0001,42,6,0.733,0.634,0.5793,0.7582,2.2
GCNN_DIHEDRAL_4_Adam_lr0.01_wd0.0001,42,7,0.742,0.71,0.768,0.7845,2.2
GCNN_DIHEDRAL_4_Adam_lr0.01_wd0.0001,42,8,0.693,0.624,0.4973,0.797,2.2
GCNN_DIHEDRAL_4_Adam_lr0.01_wd0.0001,42,9,0.751,0.652,0.5896,0.7826,2.2
GCNN_DIHEDRAL_4_Adam_lr0.01_wd0.0001,42,10,0.773,0.64,0.5312,0.8021,2.2
CNN_AdamW_lr0.0001_wd0.0,42,1,0.61,0.658,0.6973,0.7386,0.63
CNN_AdamW_lr0.0001_wd0.0,42,2,0.74,0.686,0.6815,0.7534,0.63
CNN_AdamW_lr0.0001_wd0.0,42,3,0.742,0.67,0.6341,0.7599,0.63
CNN_AdamW_lr0.0001_wd0.0,42,4,0.749,0.686,0.6963,0.7592,0.63
CNN_AdamW_lr0.0001_wd0.0,42,5,0.77,0.634,0.5197,0.7698,0.63
CNN_AdamW_lr0.0001_wd0.0,42,6,0.761,0.698,0.7068,0.7785,0.63
CNN_AdamW_lr0.0001_wd0.0,42,7,0.764,0.664,0.6019,0.7748,0.64
CNN_AdamW_lr0.0001_wd0.0,42,8,0.772,0.696,0.682,0.783,0.63
CNN_AdamW_lr0.0001_wd0.0,42,9,0.775,0.706,0.7157,0.785,0.63
CNN_AdamW_lr0.0001_wd0.0,42,10,0.768,0.68,0.6429,0.7736,0.63
SteerableGCNN_AdamW_lr0.0001_wd0.0,42,1,0.659,0.698,0.6937,0.7796,2.35
SteerableGCNN_AdamW_lr0.0001_wd0.0,42,2,0.706,0.712,0.7198,0.7872,2.35
SteerableGCNN_AdamW_lr0.0001_wd0.0,42,3,0.733,0.716,0.7311,0.7942,2.35
SteerableGCNN_AdamW_lr0.0001_wd0.0,42,4,0.74,0.728,0.7472,0.8013,2.35
SteerableGCNN_AdamW_lr0.0001_wd0.0,42,5,0.758,0.73,0.7458,0.8051,2.35
SteerableGCNN_AdamW_lr0.0001_wd0.0,42,6,0.739,0.728,0.75,0.8077,2.35
SteerableGCNN_AdamW_lr0.0001_wd0.0,42,7,0.743,0.73,0.7379,0.8058,2.35
SteerableGCNN_AdamW_lr0.0001_wd0.0,42,8,0.738,0.738,0.7542,0.8078,2.35
SteerableGCNN_AdamW_lr0.0001_wd0.0,42,9,0.752,0.736,0.7422,0.8049,2.35
SteerableGCNN_AdamW_lr0.0001_wd0.0,42,10,0.752,0.736,0.7422,0.8068,2.35
GCNN_CYCLIC_4_AdamW_lr0.0001_wd0.0,42,1,0.478,0.516,0.6807,0.776,1.16
GCNN_CYCLIC_4_AdamW_lr0.0001_wd0.0,42,2,0.478,0.516,0.6807,0.7866,1.16
GCNN_CYCLIC_4_AdamW_lr0.0001_wd0.0,42,3,0.478,0.516,0.6807,0.7537,1.16
GCNN_CYCLIC_4_AdamW_lr0.0001_wd0.0,42,4,0.478,0.516,0.6807,0.7602,1.16
GCNN_CYCLIC_4_AdamW_lr0.0001_wd0.0,42,5,0.478,0.516,0.6807,0.7629,1.16
GCNN_CYCLIC_4_AdamW_lr0.0001_wd0.0,42,6,0.478,0.516,0.6807,0.7641,1.16
GCNN_CYCLIC_4_AdamW_lr0.0001_wd0.0,42,7,0.478,0.516,0.6807,0.7254,1.16
GCNN_CYCLIC_4_AdamW_lr0.0001_wd0.0,42,8,0.478,0.516,0.6807,0.7941,1.16
GCNN_CYCLIC_4_AdamW_lr0.0001_wd0.0,42,9,0.557,0.688,0.6842,0.7701,1.16
GCNN_CYCLIC_4_AdamW_lr0.0001_wd0.0,42,10,0.727,0.692,0.726,0.7752,1.16
GCNN_DIHEDRAL_4_AdamW_lr0.0001_wd0.0,42,1,0.595,0.686,0.743,0.743,2.2
GCNN_DIHEDRAL_4_AdamW_lr0.0001_wd0.0,42,2,0.727,0.682,0.7354,0.7475,2.2
GCNN_DIHEDRAL_4_AdamW_lr0.0001_wd0.0,42,3,0.713,0.664,0.6571,0.7376,2.2
GCNN_DIHEDRAL_4_AdamW_lr0.0001_wd0.0,42,4,0.747,0.658,0.6208,0.7537,2.21
GCNN_DIHEDRAL_4_AdamW_lr0.0001_wd0.0,42,5,0.752,0.69,0.6894,0.7589,2.2
GCNN_DIHEDRAL_4_AdamW_lr0.0001_wd0.0,42,6,0.743,0.682,0.661,0.7645,2.2
GCNN_DIHEDRAL_4_AdamW_lr0.0001_wd0.0,42,7,0.747,0.644,0.586,0.761,2.2
GCNN_DIHEDRAL_4_AdamW_lr0.0001_wd0.0,42,8,0.743,0.724,0.7553,0.7635,2.2
GCNN_DIHEDRAL_4_AdamW_lr0.0001_wd0.0,42,9,0.745,0.662,0.635,0.7668,2.2
GCNN_DIHEDRAL_4_AdamW_lr0.0001_wd0.0,42,10,0.758,0.68,0.6838,0.7689,2.2
CNN_AdamW_lr0.0001_wd0.0001,42,1,0.635,0.67,0.6374,0.7508,0.63
CNN_AdamW_lr0.0001_wd0.0001,42,2,0.724,0.674,0.7115,0.7552,0.63
CNN_AdamW_lr0.0001_wd0.0001,42,3,0.75,0.678,0.6653,0.7664,0.63
CNN_AdamW_lr0.0001_wd0.0001,42,4,0.753,0.658,0.6032,0.7645,0.63
CNN_AdamW_lr0.0001_wd0.0001,42,5,0.764,0.688,0.6941,0.774,0.63
CNN_AdamW_lr0.0001_wd0.0001,42,6,0.764,0.698,0.701,0.78,0.63
CNN_AdamW_lr0.0001_wd0.0001,42,7,0.753,0.722,0.7402,0.7824,0.63
CNN_AdamW_lr0.0001_wd0.0001,42,8,0.771,0.696,0.6972,0.7818,0.63
CNN_AdamW_lr0.0001_wd0.0001,42,9,0.767,0.664,0.6019,0.7724,0.63
CNN_AdamW_lr0.0001_wd0.0001,42,10,0.778,0.672,0.6204,0.7774,0.63
SteerableGCNN_AdamW_lr0.0001_wd0.0001,42,1,0.546,0.49,0.5487,0.4447,2.35
SteerableGCNN_AdamW_lr0.0001_wd0.0001,42,2,0.615,0.67,0.7059,0.7108,2.34
SteerableGCNN_AdamW_lr0.0001_wd0.0001,42,3,0.714,0.724,0.7454,0.7825,2.35
SteerableGCNN_AdamW_lr0.0001_wd0.0001,42,4,0.743,0.726,0.735,0.7933,2.34
SteerableGCNN_AdamW_lr0.0001_wd0.0001,42,5,0.73,0.72,0.7276,0.7965,2.34
SteerableGCNN_AdamW_lr0.0001_wd0.0001,42,6,0.732,0.722,0.728,0.7973,2.34
SteerableGCNN_AdamW_lr0.0001_wd0.0001,42,7,0.753,0.732,0.7413,0.8054,2.35
SteerableGCNN_AdamW_lr0.0001_wd0.0001,42,8,0.751,0.72,0.7177,0.8038,2.34
SteerableGCNN_AdamW_lr0.0001_wd0.0001,42,9,0.768,0.734,0.7397,0.8047,2.34
SteerableGCNN_AdamW_lr0.0001_wd0.0001,42,10,0.751,0.728,0.7302,0.7953,2.34
GCNN_CYCLIC_4_AdamW_lr0.0001_wd0.0001,42,1,0.616,0.692,0.7556,0.734,1.16
GCNN_CYCLIC_4_AdamW_lr0.0001_wd0.0001,42,2,0.738,0.706,0.7578,0.7437,1.16
GCNN_CYCLIC_4_AdamW_lr0.0001_wd0.0001,42,3,0.739,0.688,0.7057,0.7674,1.16
GCNN_CYCLIC_4_AdamW_lr0.0001_wd0.0001,42,4,0.764,0.694,0.7052,0.7781,1.16
GCNN_CYCLIC_4_AdamW_lr0.0001_wd0.0001,42,5,0.759,0.68,0.6552,0.7784,1.16
GCNN_CYCLIC_4_AdamW_lr0.0001_wd0.0001,42,6,0.769,0.716,0.7311,0.7828,1.16
GCNN_CYCLIC_4_AdamW_lr0.0001_wd0.0001,42,7,0.775,0.688,0.6638,0.7785,1.16
GCNN_CYCLIC_4_AdamW_lr0.0001_wd0.0001,42,8,0.775,0.65,0.5783,0.7706,1.16
GCNN_CYCLIC_4_AdamW_lr0.0001_wd0.0001,42,9,0.769,0.686,0.6565,0.7792,1.16
GCNN_CYCLIC_4_AdamW_lr0.0001_wd0.0001,42,10,0.781,0.706,0.7112,0.7887,1.17
GCNN_DIHEDRAL_4_AdamW_lr0.0001_wd0.0001,42,1,0.688,0.638,0.5371,0.7534,2.2
GCNN_DIHEDRAL_4_AdamW_lr0.0001_wd0.0001,42,2,0.735,0.67,0.6809,0.7395,2.2
GCNN_DIHEDRAL_4_AdamW_lr0.0001_wd0.0001,42,3,0.751,0.674,0.6733,0.75,2.2
GCNN_DIHEDRAL_4_AdamW_lr0.0001_wd0.0001,42,4,0.752,0.678,0.6596,0.7618,2.2
GCNN_DIHEDRAL_4_AdamW_lr0.0001_wd0.0001,42,5,0.774,0.7,0.718,0.7528,2.2
GCNN_DIHEDRAL_4_AdamW_lr0.0001_wd0.0001,42,6,0.75,0.692,0.7027,0.7747,2.2
GCNN_DIHEDRAL_4_AdamW_lr0.0001_wd0.0001,42,7,0.77,0.674,0.6583,0.7681,2.2
GCNN_DIHEDRAL_4_AdamW_lr0.0001_wd0.0001,42,8,0.779,0.7,0.718,0.7707,2.2
GCNN_DIHEDRAL_4_AdamW_lr0.0001_wd0.0001,42,9,0.764,0.642,0.5445,0.7656,2.2
GCNN_DIHEDRAL_4_AdamW_lr0.0001_wd0.0001,42,10,0.77,0.686,0.6903,0.7719,2.2
CNN_AdamW_lr0.001_wd0.0,42,1,0.642,0.68,0.746,0.7599,0.63
CNN_AdamW_lr0.001_wd0.0,42,2,0.657,0.68,0.746,0.7781,0.63
CNN_AdamW_lr0.001_wd0.0,42,3,0.749,0.702,0.7162,0.7846,0.63
CNN_AdamW_lr0.001_wd0.0,42,4,0.751,0.706,0.7211,0.7942,0.63
CNN_AdamW_lr0.001_wd0.0,42,5,0.777,0.732,0.7666,0.8014,0.63
CNN_AdamW_lr0.001_wd0.0,42,6,0.777,0.66,0.5771,0.803,0.63
CNN_AdamW_lr0.001_wd0.0,42,7,0.781,0.676,0.6143,0.8025,0.63
CNN_AdamW_lr0.001_wd0.0,42,8,0.778,0.614,0.4908,0.7907,0.63
CNN_AdamW_lr0.001_wd0.0,42,9,0.786,0.712,0.722,0.811,0.63
CNN_AdamW_lr0.001_wd0.0,42,10,0.786,0.726,0.7329,0.8177,0.63
SteerableGCNN_AdamW_lr0.001_wd0.0,42,1,0.679,0.686,0.6217,0.8007,2.34
SteerableGCNN_AdamW_lr0.001_wd0.0,42,2,0.744,0.706,0.7273,0.7619,2.34
SteerableGCNN_AdamW_lr0.001_wd0.0,42,3,0.757,0.736,0.76,0.7822,2.34
SteerableGCNN_AdamW_lr0.001_wd0.0,42,4,0.768,0.722,0.7549,0.7851,2.34
SteerableGCNN_AdamW_lr0.001_wd0.0,42,5,0.766,0.754,0.7574,0.8186,2.34
SteerableGCNN_AdamW_lr0.001_wd0.0,42,6,0.768,0.734,0.709,0.8141,2.34
SteerableGCNN_AdamW_lr0.001_wd0.0,42,7,0.782,0.764,0.7713,0.8228,2.35
SteerableGCNN_AdamW_lr0.001_wd0.0,42,8,0.778,0.76,0.759,0.817,2.35
SteerableGCNN_AdamW_lr0.001_wd0.0,42,9,0.776,0.752,0.7459,0.8226,2.35
SteerableGCNN_AdamW_lr0.001_wd0.0,42,10,0.785,0.764,0.7668,0.8202,2.35
GCNN_CYCLIC_4_AdamW_lr0.001_wd0.0,42,1,0.505,0.484,0.0,0.6902,1.17
GCNN_CYCLIC_4_AdamW_lr0.001_wd0.0,42,2,0.52,0.638,0.6796,0.6405,1.17
GCNN_CYCLIC_4_AdamW_lr0.001_wd0.0,42,3,0.625,0.68,0.7476,0.6853,1.16
GCNN_CYCLIC_4_AdamW_lr0.001_wd0.0,42,4,0.645,0.646,0.6932,0.6343,1.16
GCNN_CYCLIC_4_AdamW_lr0.001_wd0.0,42,5,0.653,0.67,0.7236,0.6337,1.16
GCNN_CYCLIC_4_AdamW_lr0.001_wd0.0,42,6,0.665,0.67,0.7236,0.6384,1.16
GCNN_CYCLIC_4_AdamW_lr0.001_wd0.0,42,7,0.67,0.668,0.7215,0.6345,1.16
GCNN_CYCLIC_4_AdamW_lr0.001_wd0.0,42,8,0.668,0.668,0.7205,0.6375,1.16
GCNN_CYCLIC_4_AdamW_lr0.001_wd0.0,42,9,0.661,0.676,0.7318,0.6346,1.17
GCNN_CYCLIC_4_AdamW_lr0.001_wd0.0,42,10,0.664,0.656,0.7034,0.6256,1.16
GCNN_DIHEDRAL_4_AdamW_lr0.001_wd0.0,42,1,0.539,0.484,0.0,0.6783,2.2
GCNN_DIHEDRAL_4_AdamW_lr0.001_wd0.0,42,2,0.557,0.686,0.7161,0.7251,2.2
GCNN_DIHEDRAL_4_AdamW_lr0.001_wd0.0,42,3,0.728,0.72,0.7578,0.7789,2.2
GCNN_DIHEDRAL_4_AdamW_lr0.001_wd0.0,42,4,0.757,0.696,0.7175,0.7739,2.2
GCNN_DIHEDRAL_4_AdamW_lr0.001_wd0.0,42,5,0.763,0.662,0.6472,0.7768,2.2
GCNN_DIHEDRAL_4_AdamW_lr0.001_wd0.0,42,6,0.779,0.696,0.6846,0.7683,2.2
GCNN_DIHEDRAL_4_AdamW_lr0.001_wd0.0,42,7,0.767,0.67,0.6512,0.778,2.2
GCNN_DIHEDRAL_4_AdamW_lr0.001_wd0.0,42,8,0.774,0.694,0.6982,0.7937,2.2
GCNN_DIHEDRAL_4_AdamW_lr0.001_wd0.0,42,9,0.777,0.71,0.7023,0.8051,2.2
GCNN_DIHEDRAL_4_AdamW_lr0.001_wd0.0,42,10,0.777,0.716,0.7351,0.8018,2.2
CNN_AdamW_lr0.001_wd0.0001,42,1,0.61,0.622,0.5714,0.724,0.63
CNN_AdamW_lr0.001_wd0.0001,42,2,0.73,0.658,0.6354,0.7557,0.63
CNN_AdamW_lr0.001_wd0.0001,42,3,0.73,0.704,0.7208,0.7704,0.63
CNN_AdamW_lr0.001_wd0.0001,42,4,0.73,0.69,0.7002,0.7691,0.63
CNN_AdamW_lr0.001_wd0.0001,42,5,0.767,0.7,0.7387,0.7739,0.63
CNN_AdamW_lr0.001_wd0.0001,42,6,0.767,0.632,0.5468,0.7682,0.63
CNN_AdamW_lr0.001_wd0.0001,42,7,0.744,0.64,0.5946,0.7535,0.63
CNN_AdamW_lr0.001_wd0.0001,42,8,0.78,0.686,0.6624,0.7699,0.63
CNN_AdamW_lr0.001_wd0.0001,42,9,0.766,0.716,0.728,0.7816,0.63
CNN_AdamW_lr0.001_wd0.0001,42,10,0.779,0.698,0.6753,0.7786,0.63
SteerableGCNN_AdamW_lr0.001_wd0.0001,42,1,0.68,0.664,0.5821,0.7703,2.35
SteerableGCNN_AdamW_lr0.001_wd0.0001,42,2,0.755,0.71,0.7071,0.7832,2.35
SteerableGCNN_AdamW_lr0.001_wd0.0001,42,3,0.749,0.702,0.6889,0.7898,2.35
SteerableGCNN_AdamW_lr0.001_wd0.0001,42,4,0.757,0.708,0.6867,0.7908,2.34
SteerableGCNN_AdamW_lr0.001_wd0.0001,42,5,0.765,0.716,0.716,0.7949,2.35
SteerableGCNN_AdamW_lr0.001_wd0.0001,42,6,0.774,0.738,0.7385,0.8011,2.35
SteerableGCNN_AdamW_lr0.001_wd0.0001,42,7,0.771,0.732,0.7528,0.8028,2.35
SteerableGCNN_AdamW_lr0.001_wd0.0001,42,8,0.763,0.688,0.6471,0.7939,2.34
SteerableGCNN_AdamW_lr0.001_wd0.0001,42,9,0.772,0.712,0.6814,0.8003,2.34
SteerableGCNN_AdamW_lr0.001_wd0.0001,42,10,0.766,0.756,0.7645,0.8131,2.34
GCNN_CYCLIC_4_AdamW_lr0.001_wd0.0001,42,1,0.623,0.648,0.7373,0.713,1.16
GCNN_CYCLIC_4_AdamW_lr0.001_wd0.0001,42,2,0.71,0.518,0.2201,0.7603,1.16
GCNN_CYCLIC_4_AdamW_lr0.001_wd0.0001,42,3,0.722,0.694,0.7203,0.7216,1.16
GCNN_CYCLIC_4_AdamW_lr0.001_wd0.0001,42,4,0.749,0.736,0.7676,0.7906,1.16
GCNN_CYCLIC_4_AdamW_lr0.001_wd0.0001,42,5,0.758,0.732,0.7853,0.7709,1.16
GCNN_CYCLIC_4_AdamW_lr0.001_wd0.0001,42,6,0.749,0.722,0.7392,0.7885,1.16
GCNN_CYCLIC_4_AdamW_lr0.001_wd0.0001,42,7,0.752,0.738,0.7783,0.7839,1.16
GCNN_CYCLIC_4_AdamW_lr0.001_wd0.0001,42,8,0.769,0.74,0.7695,0.7918,1.16
GCNN_CYCLIC_4_AdamW_lr0.001_wd0.0001,42,9,0.767,0.728,0.7536,0.7885,1.16
GCNN_CYCLIC_4_AdamW_lr0.001_wd0.0001,42,10,0.766,0.738,0.7648,0.8198,1.17
GCNN_DIHEDRAL_4_AdamW_lr0.001_wd0.0001,42,1,0.544,0.642,0.6832,0.6311,2.2
GCNN_DIHEDRAL_4_AdamW_lr0.001_wd0.0001,42,2,0.646,0.616,0.6458,0.6363,2.2
GCNN_DIHEDRAL_4_AdamW_lr0.001_wd0.0001,42,3,0.655,0.636,0.6796,0.6188,2.2
GCNN_DIHEDRAL_4_AdamW_lr0.001_wd0.0001,42,4,0.645,0.654,0.7053,0.6376,2.2
GCNN_DIHEDRAL_4_AdamW_lr0.001_wd0.0001,42,5,0.652,0.672,0.7389,0.6259,2.2
GCNN_DIHEDRAL_4_AdamW_lr0.001_wd0.0001,42,6,0.655,0.674,0.7433,0.5997,2.2
GCNN_DIHEDRAL_4_AdamW_lr0.001_wd0.0001,42,7,0.658,0.672,0.7405,0.619,2.2
GCNN_DIHEDRAL_4_AdamW_lr0.001_wd0.0001,42,8,0.663,0.672,0.7413,0.6068,2.2
GCNN_DIHEDRAL_4_AdamW_lr0.001_wd0.0001,42,9,0.652,0.66,0.7128,0.6328,2.2
GCNN_DIHEDRAL_4_AdamW_lr0.001_wd0.0001,42,10,0.659,0.676,0.7453,0.5925,2.2
CNN_AdamW_lr0.01_wd0.0,42,1,0.5,0.484,0.0,0.7327,0.63
CNN_AdamW_lr0.01_wd0.0,42,2,0.6,0.664,0.7282,0.6032,0.63
CNN_AdamW_lr0.01_wd0.0,42,3,0.627,0.668,0.7422,0.6194,0.63
CNN_AdamW_lr0.01_wd0.0,42,4,0.674,0.708,0.7181,0.7726,0.63
CNN_AdamW_lr0.01_wd0.0,42,5,0.751,0.7,0.6725,0.8084,0.62
CNN_AdamW_lr0.01_wd0.0,42,6,0.738,0.698,0.6937,0.7744,0.63
CNN_AdamW_lr0.01_wd0.0,42,7,0.758,0.726,0.7329,0.814,0.63
CNN_AdamW_lr0.01_wd0.0,42,8,0.775,0.726,0.714,0.8227,0.63
CNN_AdamW_lr0.01_wd0.0,42,9,0.775,0.72,0.7046,0.825,0.63
CNN_AdamW_lr0.01_wd0.0,42,10,0.781,0.742,0.7383,0.8255,0.62
SteerableGCNN_AdamW_lr0.01_wd0.0,42,1,0.686,0.636,0.5285,0.7749,2.34
SteerableGCNN_AdamW_lr0.01_wd0.0,42,2,0.749,0.684,0.6695,0.7874,2.34
SteerableGCNN_AdamW_lr0.01_wd0.0,42,3,0.753,0.698,0.671,0.7806,2.34
SteerableGCNN_AdamW_lr0.01_wd0.0,42,4,0.781,0.738,0.7277,0.8112,2.34
SteerableGCNN_AdamW_lr0.01_wd0.0,42,5,0.743,0.722,0.7311,0.8093,2.34
SteerableGCNN_AdamW_lr0.01_wd0.0,42,6,0.773,0.64,0.5109,0.8219,2.34
SteerableGCNN_AdamW_lr0.01_wd0.0,42,7,0.773,0.62,0.4571,0.82,2.34
SteerableGCNN_AdamW_lr0.01_wd0.0,42,8,0.784,0.736,0.7732,0.8114,2.34
SteerableGCNN_AdamW_lr0.01_wd0.0,42,9,0.779,0.734,0.7816,0.8185,2.35
SteerableGCNN_AdamW_lr0.01_wd0.0,42,10,0.788,0.752,0.7762,0.8245,2.34
GCNN_CYCLIC_4_AdamW_lr0.01_wd0.0,42,1,0.602,0.668,0.7357,0.6237,1.16
GCNN_CYCLIC_4_AdamW_lr0.01_wd0.0,42,2,0.642,0.662,0.7388,0.5902,1.17
GCNN_CYCLIC_4_AdamW_lr0.01_wd0.0,42,3,0.65,0.67,0.7368,0.6288,1.16
GCNN_CYCLIC_4_AdamW_lr0.01_wd0.0,42,4,0.651,0.674,0.7449,0.6136,1.16
GCNN_CYCLIC_4_AdamW_lr0.01_wd0.0,42,5,0.654,0.662,0.7261,0.6221,1.16
GCNN_CYCLIC_4_AdamW_lr0.01_wd0.0,42,6,0.659,0.668,0.7233,0.617,1.16
GCNN_CYCLIC_4_AdamW_lr0.01_wd0.0,42,7,0.654,0.664,0.7228,0.6204,1.16
GCNN_CYCLIC_4_AdamW_lr0.01_wd0.0,42,8,0.653,0.668,0.743,0.5988,1.16
GCNN_CYCLIC_4_AdamW_lr0.01_wd0.0,42,9,0.658,0.658,0.7174,0.6245,1.16
GCNN_CYCLIC_4_AdamW_lr0.01_wd0.0,42,10,0.66,0.668,0.727,0.7219,1.16
GCNN_DIHEDRAL_4_AdamW_lr0.01_wd0.0,42,1,0.514,0.484,0.0,0.6169,2.2
GCNN_DIHEDRAL_4_AdamW_lr0.01_wd0.0,42,2,0.496,0.484,0.0,0.3118,2.2
GCNN_DIHEDRAL_4_AdamW_lr0.01_wd0.0,42,3,0.522,0.484,0.0,0.511,2.2
GCNN_DIHEDRAL_4_AdamW_lr0.01_wd0.0,42,4,0.522,0.484,0.0,0.475,2.2
GCNN_DIHEDRAL_4_AdamW_lr0.01_wd0.0,42,5,0.51,0.484,0.0,0.5322,2.2
GCNN_DIHEDRAL_4_AdamW_lr0.01_wd0.0,42,6,0.5,0.484,0.0,0.6864,2.2
GCNN_DIHEDRAL_4_AdamW_lr0.01_wd0.0,42,7,0.579,0.64,0.7152,0.6326,2.2
GCNN_DIHEDRAL_4_AdamW_lr0.01_wd0.0,42,8,0.632,0.652,0.7339,0.6185,2.2
GCNN_DIHEDRAL_4_AdamW_lr0.01_wd0.0,42,9,0.643,0.656,0.7244,0.7104,2.2
GCNN_DIHEDRAL_4_AdamW_lr0.01_wd0.0,42,10,0.645,0.664,0.7375,0.7056,2.2
CNN_AdamW_lr0.01_wd0.0001,42,1,0.517,0.636,0.7174,0.6323,0.63
CNN_AdamW_lr0.01_wd0.0001,42,2,0.572,0.66,0.7377,0.716,0.62
CNN_AdamW_lr0.01_wd0.0001,42,3,0.707,0.68,0.6992,0.7289,0.63
CNN_AdamW_lr0.01_wd0.0001,42,4,0.743,0.68,0.6708,0.7491,0.63
CNN_AdamW_lr0.01_wd0.0001,42,5,0.752,0.736,0.766,0.7923,0.62
CNN_AdamW_lr0.01_wd0.0001,42,6,0.771,0.732,0.769,0.7728,0.63
CNN_AdamW_lr0.01_wd0.0001,42,7,0.788,0.74,0.7584,0.813,0.63
CNN_AdamW_lr0.01_wd0.0001,42,8,0.775,0.73,0.7284,0.8125,0.63
CNN_AdamW_lr0.01_wd0.0001,42,9,0.784,0.714,0.7088,0.804,0.63
CNN_AdamW_lr0.01_wd0.0001,42,10,0.796,0.726,0.7287,0.8018,0.63
SteerableGCNN_AdamW_lr0.01_wd0.0001,42,1,0.701,0.486,0.0586,0.6938,2.34
SteerableGCNN_AdamW_lr0.01_wd0.0001,42,2,0.76,0.5,0.1007,0.7931,2.34
SteerableGCNN_AdamW_lr0.01_wd0.0001,42,3,0.758,0.718,0.6773,0.8075,2.34
SteerableGCNN_AdamW_lr0.01_wd0.0001,42,4,0.768,0.544,0.2349,0.8276,2.34
SteerableGCNN_AdamW_lr0.01_wd0.0001,42,5,0.759,0.482,0.0,0.8267,2.35
SteerableGCNN_AdamW_lr0.01_wd0.0001,42,6,0.781,0.69,0.6283,0.8192,2.34
SteerableGCNN_AdamW_lr0.01_wd0.0001,42,7,0.784,0.602,0.413,0.8225,2.34
SteerableGCNN_AdamW_lr0.01_wd0.0001,42,8,0.791,0.532,0.1875,0.8329,2.35
SteerableGCNN_AdamW_lr0.01_wd0.0001,42,9,0.764,0.532,0.2353,0.7026,2.34
SteerableGCNN_AdamW_lr0.01_wd0.0001,42,10,0.763,0.724,0.7738,0.809,2.34
GCNN_CYCLIC_4_AdamW_lr0.01_wd0.0001,42,1,0.639,0.72,0.7643,0.7317,1.16
GCNN_CYCLIC_4_AdamW_lr0.01_wd0.0001,42,2,0.694,0.714,0.7547,0.7386,1.16
GCNN_CYCLIC_4_AdamW_lr0.01_wd0.0001,42,3,0.713,0.692,0.6944,0.7634,1.16
GCNN_CYCLIC_4_AdamW_lr0.01_wd0.0001,42,4,0.744,0.716,0.7205,0.8112,1.16
GCNN_CYCLIC_4_AdamW_lr0.01_wd0.0001,42,5,0.75,0.684,0.6815,0.7376,1.16
GCNN_CYCLIC_4_AdamW_lr0.01_wd0.0001,42,6,0.75,0.718,0.7441,0.8038,1.16
GCNN_CYCLIC_4_AdamW_lr0.01_wd0.0001,42,7,0.738,0.706,0.6811,0.798,1.16
GCNN_CYCLIC_4_AdamW_lr0.01_wd0.0001,42,8,0.787,0.728,0.7312,0.8031,1.16
GCNN_CYCLIC_4_AdamW_lr0.01_wd0.0001,42,9,0.785,0.748,0.7726,0.8111,1.16
GCNN_CYCLIC_4_AdamW_lr0.01_wd0.0001,42,10,0.783,0.726,0.7116,0.8224,1.16
GCNN_DIHEDRAL_4_AdamW_lr0.01_wd0.0001,42,1,0.609,0.696,0.6984,0.7463,2.2
GCNN_DIHEDRAL_4_AdamW_lr0.01_wd0.0001,42,2,0.731,0.616,0.5576,0.7293,2.21
GCNN_DIHEDRAL_4_AdamW_lr0.01_wd0.0001,42,3,0.729,0.696,0.7008,0.7776,2.2
GCNN_DIHEDRAL_4_AdamW_lr0.01_wd0.0001,42,4,0.735,0.738,0.7714,0.7626,2.2
GCNN_DIHEDRAL_4_AdamW_lr0.01_wd0.0001,42,5,0.755,0.704,0.7218,0.7682,2.2
GCNN_DIHEDRAL_4_AdamW_lr0.01_wd0.0001,42,6,0.745,0.71,0.7129,0.8046,2.2
GCNN_DIHEDRAL_4_AdamW_lr0.01_wd0.0001,42,7,0.758,0.74,0.7727,0.7896,2.2
GCNN_DIHEDRAL_4_AdamW_lr0.01_wd0.0001,42,8,0.753,0.706,0.6957,0.7936,2.2
GCNN_DIHEDRAL_4_AdamW_lr0.01_wd0.0001,42,9,0.757,0.744,0.75,0.8174,2.2
GCNN_DIHEDRAL_4_AdamW_lr0.01_wd0.0001,42,10,0.755,0.734,0.7646,0.8111,2.2
CNN_Adam_lr0.0001_wd0.0,42,1,0.671,0.646,0.5986,0.7495,10.98
CNN_Adam_lr0.0001_wd0.0,42,2,0.734,0.654,0.5811,0.7547,0.6
CNN_Adam_lr0.0001_wd0.0,42,3,0.761,0.7,0.7059,0.767,0.61
CNN_Adam_lr0.0001_wd0.0,42,4,0.767,0.678,0.6653,0.764,0.62
CNN_Adam_lr0.0001_wd0.0,42,5,0.771,0.702,0.6902,0.7804,0.61
CNN_Adam_lr0.0001_wd0.0,42,6,0.779,0.672,0.6132,0.7794,0.6
CNN_Adam_lr0.0001_wd0.0,42,7,0.778,0.642,0.5398,0.7897,0.6
CNN_Adam_lr0.0001_wd0.0,42,8,0.774,0.716,0.7259,0.7938,0.6
CNN_Adam_lr0.0001_wd0.0,42,9,0.783,0.682,0.6311,0.7967,0.63
CNN_Adam_lr0.0001_wd0.0,42,10,0.779,0.668,0.6066,0.7937,0.63
SteerableGCNN_Adam_lr0.0001_wd0.0,42,1,0.429,0.488,0.0376,0.6579,3.41
SteerableGCNN_Adam_lr0.0001_wd0.0,42,2,0.575,0.55,0.4472,0.6841,2.34
SteerableGCNN_Adam_lr0.0001_wd0.0,42,3,0.652,0.618,0.591,0.6876,2.35
SteerableGCNN_Adam_lr0.0001_wd0.0,42,4,0.691,0.648,0.6255,0.7106,2.34
SteerableGCNN_Adam_lr0.0001_wd0.0,42,5,0.706,0.652,0.6282,0.7243,2.33
SteerableGCNN_Adam_lr0.0001_wd0.0,42,6,0.711,0.682,0.6814,0.7394,2.34
SteerableGCNN_Adam_lr0.0001_wd0.0,42,7,0.731,0.684,0.6802,0.7414,2.34
SteerableGCNN_Adam_lr0.0001_wd0.0,42,8,0.738,0.694,0.6946,0.7597,2.34
SteerableGCNN_Adam_lr0.0001_wd0.0,42,9,0.751,0.706,0.7089,0.767,2.34
SteerableGCNN_Adam_lr0.0001_wd0.0,42,10,0.752,0.696,0.6885,0.7714,2.34
GCNN_CYCLIC_4_Adam_lr0.0001_wd0.0,42,1,0.638,0.712,0.7353,0.788,2.83
GCNN_CYCLIC_4_Adam_lr0.0001_wd0.0,42,2,0.765,0.698,0.6591,0.8003,1.15
GCNN_CYCLIC_4_Adam_lr0.0001_wd0.0,42,3,0.769,0.736,0.7609,0.8065,1.16
GCNN_CYCLIC_4_Adam_lr0.0001_wd0.0,42,4,0.785,0.722,0.6985,0.8108,1.16
GCNN_CYCLIC_4_Adam_lr0.0001_wd0.0,42,5,0.78,0.704,0.6574,0.8102,1.16
GCNN_CYCLIC_4_Adam_lr0.0001_wd0.0,42,6,0.805,0.736,0.7519,0.8022,1.16
GCNN_CYCLIC_4_Adam_lr0.0001_wd0.0,42,7,0.805,0.72,0.6943,0.8116,1.16
GCNN_CYCLIC_4_Adam_lr0.0001_wd0.0,42,8,0.795,0.734,0.7621,0.8149,1.16
GCNN_CYCLIC_4_Adam_lr0.0001_wd0.0,42,9,0.778,0.718,0.6846,0.8189,1.16
GCNN_CYCLIC_4_Adam_lr0.0001_wd0.0,42,10,0.803,0.746,0.7445,0.8218,1.16
GCNN_DIHEDRAL_4_Adam_lr0.0001_wd0.0,42,1,0.705,0.688,0.688,0.7584,2.19
GCNN_DIHEDRAL_4_Adam_lr0.0001_wd0.0,42,2,0.755,0.698,0.726,0.7681,2.19
GCNN_DIHEDRAL_4_Adam_lr0.0001_wd0.0,42,3,0.755,0.696,0.7077,0.783,2.19
GCNN_DIHEDRAL_4_Adam_lr0.0001_wd0.0,42,4,0.767,0.69,0.683,0.7752,2.19
GCNN_DIHEDRAL_4_Adam_lr0.0001_wd0.0,42,5,0.783,0.698,0.6794,0.7837,2.19
GCNN_DIHEDRAL_4_Adam_lr0.0001_wd0.0,42,6,0.77,0.662,0.6269,0.7852,2.19
GCNN_DIHEDRAL_4_Adam_lr0.0001_wd0.0,42,7,0.773,0.726,0.7567,0.7921,2.19
GCNN_DIHEDRAL_4_Adam_lr0.0001_wd0.0,42,8,0.789,0.708,0.7483,0.7914,2.19
GCNN_DIHEDRAL_4_Adam_lr0.0001_wd0.0,42,9,0.783,0.694,0.6819,0.8022,2.19
GCNN_DIHEDRAL_4_Adam_lr0.0001_wd0.0,42,10,0.794,0.702,0.6809,0.7972,2.19
CNN_Adam_lr0.0001_wd0.0001,42,1,0.694,0.632,0.5468,0.7649,0.81
CNN_Adam_lr0.0001_wd0.0001,42,2,0.742,0.698,0.7146,0.7738,0.63
CNN_Adam_lr0.0001_wd0.0001,42,3,0.763,0.636,0.5309,0.783,0.63
CNN_Adam_lr0.0001_wd0.0001,42,4,0.755,0.686,0.6638,0.7855,0.63
CNN_Adam_lr0.0001_wd0.0001,42,5,0.759,0.696,0.6972,0.7903,0.63
CNN_Adam_lr0.0001_wd0.0001,42,6,0.77,0.68,0.6567,0.7933,0.63
CNN_Adam_lr0.0001_wd0.0001,42,7,0.769,0.7,0.6976,0.7948,0.63
CNN_Adam_lr0.0001_wd0.0001,42,8,0.787,0.698,0.6794,0.7936,0.63
CNN_Adam_lr0.0001_wd0.0001,42,9,0.788,0.706,0.7135,0.7958,0.63
CNN_Adam_lr0.0001_wd0.0001,42,10,0.789,0.698,0.6834,0.7986,0.63
SteerableGCNN_Adam_lr0.0001_wd0.0001,42,1,0.601,0.644,0.711,0.68,2.33
SteerableGCNN_Adam_lr0.0001_wd0.0001,42,2,0.612,0.656,0.7261,0.741,2.34
SteerableGCNN_Adam_lr0.0001_wd0.0001,42,3,0.622,0.674,0.7465,0.7926,2.34
SteerableGCNN_Adam_lr0.0001_wd0.0001,42,4,0.611,0.74,0.7833,0.8056,2.34
SteerableGCNN_Adam_lr0.0001_wd0.0001,42,5,0.645,0.728,0.7741,0.8022,2.34
SteerableGCNN_Adam_lr0.0001_wd0.0001,42,6,0.665,0.732,0.7736,0.8047,2.34
SteerableGCNN_Adam_lr0.0001_wd0.0001,42,7,0.689,0.744,0.7793,0.8038,2.34
SteerableGCNN_Adam_lr0.0001_wd0.0001,42,8,0.697,0.75,0.7795,0.8061,2.34
SteerableGCNN_Adam_lr0.0001_wd0.0001,42,9,0.703,0.744,0.7746,0.8093,2.34
SteerableGCNN_Adam_lr0.0001_wd0.0001,42,10,0.707,0.758,0.7804,0.8097,2.34
GCNN_CYCLIC_4_Adam_lr0.0001_wd0.0001,42,1,0.569,0.664,0.6316,0.7627,1.16
GCNN_CYCLIC_4_Adam_lr0.0001_wd0.0001,42,2,0.677,0.658,0.722,0.7252,1.16
GCNN_CYCLIC_4_Adam_lr0.0001_wd0.0001,42,3,0.731,0.678,0.6898,0.7605,1.16
GCNN_CYCLIC_4_Adam_lr0.0001_wd0.0001,42,4,0.747,0.698,0.7568,0.733,1.16
GCNN_CYCLIC_4_Adam_lr0.0001_wd0.0001,42,5,0.723,0.678,0.6552,0.7678,1.16
GCNN_CYCLIC_4_Adam_lr0.0001_wd0.0001,42,6,0.74,0.696,0.682,0.7757,1.16
GCNN_CYCLIC_4_Adam_lr0.0001_wd0.0001,42,7,0.756,0.624,0.5,0.776,1.16
GCNN_CYCLIC_4_Adam_lr0.0001_wd0.0001,42,8,0.763,0.704,0.7186,0.7889,1.16
GCNN_CYCLIC_4_Adam_lr0.0001_wd0.0001,42,9,0.76,0.74,0.7719,0.7873,1.16
GCNN_CYCLIC_4_Adam_lr0.0001_wd0.0001,42,10,0.789,0.684,0.6291,0.7962,1.16
GCNN_DIHEDRAL_4_Adam_lr0.0001_wd0.0001,42,1,0.658,0.646,0.5855,0.7561,2.2
GCNN_DIHEDRAL_4_Adam_lr0.0001_wd0.0001,42,2,0.719,0.654,0.6388,0.7613,2.19
GCNN_DIHEDRAL_4_Adam_lr0.0001_wd0.0001,42,3,0.763,0.634,0.5414,0.772,2.19
GCNN_DIHEDRAL_4_Adam_lr0.0001_wd0.0001,42,4,0.761,0.694,0.7041,0.7764,2.19
GCNN_DIHEDRAL_4_Adam_lr0.0001_wd0.0001,42,5,0.788,0.716,0.7641,0.7712,2.19
GCNN_DIHEDRAL_4_Adam_lr0.0001_wd0.0001,42,6,0.761,0.668,0.6438,0.7826,2.19
GCNN_DIHEDRAL_4_Adam_lr0.0001_wd0.0001,42,7,0.787,0.678,0.6523,0.7893,2.19
GCNN_DIHEDRAL_4_Adam_lr0.0001_wd0.0001,42,8,0.783,0.692,0.6895,0.7858,2.2
GCNN_DIHEDRAL_4_Adam_lr0.0001_wd0.0001,42,9,0.778,0.686,0.6488,0.7984,2.19
GCNN_DIHEDRAL_4_Adam_lr0.0001_wd0.0001,42,10,0.787,0.722,0.7459,0.7913,2.19
CNN_Adam_lr0.001_wd0.0,42,1,0.666,0.684,0.6973,0.7536,0.63
CNN_Adam_lr0.001_wd0.0,42,2,0.749,0.692,0.7326,0.7459,0.63
CNN_Adam_lr0.001_wd0.0,42,3,0.749,0.71,0.7504,0.7681,0.63
CNN_Adam_lr0.001_wd0.0,42,4,0.758,0.658,0.6415,0.7488,0.63
CNN_Adam_lr0.001_wd0.0,42,5,0.765,0.72,0.7426,0.7782,0.63
CNN_Adam_lr0.001_wd0.0,42,6,0.77,0.706,0.7179,0.7639,0.63
CNN_Adam_lr0.001_wd0.0,42,7,0.787,0.688,0.6892,0.7763,0.63
CNN_Adam_lr0.001_wd0.0,42,8,0.78,0.714,0.7357,0.7787,0.63
CNN_Adam_lr0.001_wd0.0,42,9,0.779,0.682,0.6826,0.757,0.63
CNN_Adam_lr0.001_wd0.0,42,10,0.777,0.712,0.7313,0.7832,0.63
SteerableGCNN_Adam_lr0.001_wd0.0,42,1,0.666,0.648,0.689,0.7256,2.34
SteerableGCNN_Adam_lr0.001_wd0.0,42,2,0.728,0.69,0.6737,0.773,2.34
SteerableGCNN_Adam_lr0.001_wd0.0,42,3,0.774,0.704,0.7176,0.7764,2.34
SteerableGCNN_Adam_lr0.001_wd0.0,42,4,0.765,0.706,0.7018,0.787,2.34
SteerableGCNN_Adam_lr0.001_wd0.0,42,5,0.788,0.71,0.7173,0.7964,2.34
SteerableGCNN_Adam_lr0.001_wd0.0,42,6,0.765,0.714,0.7276,0.8022,2.34
SteerableGCNN_Adam_lr0.001_wd0.0,42,7,0.766,0.726,0.7532,0.7915,2.35
SteerableGCNN_Adam_lr0.001_wd0.0,42,8,0.777,0.718,0.7174,0.7932,2.34
SteerableGCNN_Adam_lr0.001_wd0.0,42,9,0.796,0.742,0.7684,0.8109,2.34
SteerableGCNN_Adam_lr0.001_wd0.0,42,10,0.788,0.724,0.7396,0.8111,2.34
GCNN_CYCLIC_4_Adam_lr0.001_wd0.0,42,1,0.479,0.484,0.0,0.5966,1.17
GCNN_CYCLIC_4_Adam_lr0.001_wd0.0,42,2,0.691,0.696,0.7352,0.7596,1.16
GCNN_CYCLIC_4_Adam_lr0.001_wd0.0,42,3,0.738,0.714,0.7442,0.7933,1.16
GCNN_CYCLIC_4_Adam_lr0.001_wd0.0,42,4,0.774,0.69,0.6869,0.7863,1.15
GCNN_CYCLIC_4_Adam_lr0.001_wd0.0,42,5,0.773,0.73,0.7559,0.8037,1.16
GCNN_CYCLIC_4_Adam_lr0.001_wd0.0,42,6,0.783,0.7,0.6875,0.8066,1.16
GCNN_CYCLIC_4_Adam_lr0.001_wd0.0,42,7,0.786,0.666,0.5995,0.7702,1.16
GCNN_CYCLIC_4_Adam_lr0.001_wd0.0,42,8,0.761,0.684,0.6504,0.7817,1.16
GCNN_CYCLIC_4_Adam_lr0.001_wd0.0,42,9,0.791,0.688,0.6549,0.7878,1.16
GCNN_CYCLIC_4_Adam_lr0.001_wd0.0,42,10,0.781,0.686,0.6503,0.7893,1.16
GCNN_DIHEDRAL_4_Adam_lr0.001_wd0.0,42,1,0.633,0.578,0.4462,0.7546,2.19
GCNN_DIHEDRAL_4_Adam_lr0.001_wd0.0,42,2,0.726,0.738,0.7745,0.7535,2.19
GCNN_DIHEDRAL_4_Adam_lr0.001_wd0.0,42,3,0.747,0.644,0.57,0.7548,2.19
GCNN_DIHEDRAL_4_Adam_lr0.001_wd0.0,42,4,0.752,0.65,0.5803,0.7823,2.2
GCNN_DIHEDRAL_4_Adam_lr0.001_wd0.0,42,5,0.754,0.66,0.6188,0.7861,2.2
GCNN_DIHEDRAL_4_Adam_lr0.001_wd0.0,42,6,0.767,0.584,0.3846,0.7821,2.19
GCNN_DIHEDRAL_4_Adam_lr0.001_wd0.0,42,7,0.75,0.648,0.5417,0.7738,2.19
GCNN_DIHEDRAL_4_Adam_lr0.001_wd0.0,42,8,0.754,0.662,0.6079,0.7727,2.2
GCNN_DIHEDRAL_4_Adam_lr0.001_wd0.0,42,9,0.773,0.716,0.7321,0.7954,2.19
GCNN_DIHEDRAL_4_Adam_lr0.001_wd0.0,42,10,0.78,0.702,0.6809,0.7968,2.2
CNN_Adam_lr0.001_wd0.0001,42,1,0.633,0.634,0.6772,0.723,0.63
CNN_Adam_lr0.001_wd0.0001,42,2,0.703,0.574,0.4867,0.6562,0.63
CNN_Adam_lr0.001_wd0.0001,42,3,0.755,0.636,0.5845,0.7531,0.63
CNN_Adam_lr0.001_wd0.0001,42,4,0.776,0.672,0.6653,0.7715,0.63
CNN_Adam_lr0.001_wd0.0001,42,5,0.779,0.638,0.5394,0.7743,0.63
CNN_Adam_lr0.001_wd0.0001,42,6,0.759,0.686,0.6763,0.7695,0.64
CNN_Adam_lr0.001_wd0.0001,42,7,0.77,0.672,0.6323,0.7783,0.63
CNN_Adam_lr0.001_wd0.0001,42,8,0.781,0.678,0.6596,0.7838,0.63
CNN_Adam_lr0.001_wd0.0001,42,9,0.773,0.664,0.6147,0.7804,0.63
CNN_Adam_lr0.001_wd0.0001,42,10,0.786,0.696,0.6911,0.7932,0.63
SteerableGCNN_Adam_lr0.001_wd0.0001,42,1,0.594,0.684,0.7524,0.7231,2.34
SteerableGCNN_Adam_lr0.001_wd0.0001,42,2,0.747,0.714,0.7478,0.7623,2.35
SteerableGCNN_Adam_lr0.001_wd0.0001,42,3,0.761,0.712,0.7283,0.7856,2.35
SteerableGCNN_Adam_lr0.001_wd0.0001,42,4,0.746,0.574,0.3486,0.7387,2.35
SteerableGCNN_Adam_lr0.001_wd0.0001,42,5,0.769,0.686,0.6391,0.7982,2.35
SteerableGCNN_Adam_lr0.001_wd0.0001,42,6,0.777,0.728,0.7589,0.7837,2.35
SteerableGCNN_Adam_lr0.001_wd0.0001,42,7,0.772,0.736,0.7651,0.7964,2.35
SteerableGCNN_Adam_lr0.001_wd0.0001,42,8,0.777,0.732,0.7581,0.8001,2.35
SteerableGCNN_Adam_lr0.001_wd0.0001,42,9,0.782,0.748,0.7675,0.8148,2.35
SteerableGCNN_Adam_lr0.001_wd0.0001,42,10,0.779,0.616,0.4545,0.8159,2.35
GCNN_CYCLIC_4_Adam_lr0.001_wd0.0001,42,1,0.696,0.67,0.6541,0.7616,1.17
GCNN_CYCLIC_4_Adam_lr0.001_wd0.0001,42,2,0.762,0.692,0.7298,0.7604,1.16
GCNN_CYCLIC_4_Adam_lr0.001_wd0.0001,42,3,0.757,0.704,0.7132,0.7645,1.16
GCNN_CYCLIC_4_Adam_lr0.001_wd0.0001,42,4,0.751,0.66,0.5991,0.7858,1.16
GCNN_CYCLIC_4_Adam_lr0.001_wd0.0001,42,5,0.745,0.7,0.7263,0.7616,1.16
GCNN_CYCLIC_4_Adam_lr0.001_wd0.0001,42,6,0.762,0.724,0.7444,0.7938,1.16
GCNN_CYCLIC_4_Adam_lr0.001_wd0.0001,42,7,0.768,0.706,0.7018,0.7868,1.16
GCNN_CYCLIC_4_Adam_lr0.001_wd0.0001,42,8,0.775,0.704,0.7197,0.7904,1.16
GCNN_CYCLIC_4_Adam_lr0.001_wd0.0001,42,9,0.776,0.704,0.7186,0.7963,1.16
GCNN_CYCLIC_4_Adam_lr0.001_wd0.0001,42,10,0.789,0.72,0.7407,0.7977,1.16
GCNN_DIHEDRAL_4_Adam_lr0.001_wd0.0001,42,1,0.512,0.484,0.0,0.7336,2.2
GCNN_DIHEDRAL_4_Adam_lr0.001_wd0.0001,42,2,0.548,0.49,0.023,0.7911,2.2
GCNN_DIHEDRAL_4_Adam_lr0.001_wd0.0001,42,3,0.693,0.648,0.5294,0.7969,2.2
GCNN_DIHEDRAL_4_Adam_lr0.001_wd0.0001,42,4,0.753,0.666,0.6071,0.7582,2.2
GCNN_DIHEDRAL_4_Adam_lr0.001_wd0.0001,42,5,0.745,0.622,0.4793,0.7751,2.2
GCNN_DIHEDRAL_4_Adam_lr0.001_wd0.0001,42,6,0.74,0.65,0.5843,0.7753,2.2
GCNN_DIHEDRAL_4_Adam_lr0.001_wd0.0001,42,7,0.751,0.694,0.6897,0.7851,2.2
GCNN_DIHEDRAL_4_Adam_lr0.001_wd0.0001,42,8,0.754,0.704,0.7269,0.7831,2.2
GCNN_DIHEDRAL_4_Adam_lr0.001_wd0.0001,42,9,0.762,0.678,0.6349,0.7845,2.2
GCNN_DIHEDRAL_4_Adam_lr0.001_wd0.0001,42,10,0.765,0.698,0.7146,0.79,2.2
CNN_Adam_lr0.01_wd0.0,42,1,0.545,0.72,0.7473,0.7312,0.63
CNN_Adam_lr0.01_wd0.0,42,2,0.716,0.702,0.7496,0.7627,0.63
CNN_Adam_lr0.01_wd0.0,42,3,0.729,0.628,0.5131,0.7739,0.63
CNN_Adam_lr0.01_wd0.0,42,4,0.756,0.646,0.5496,0.7895,0.63
CNN_Adam_lr0.01_wd0.0,42,5,0.755,0.714,0.7327,0.792,0.64
CNN_Adam_lr0.01_wd0.0,42,6,0.755,0.73,0.7746,0.798,0.63
CNN_Adam_lr0.01_wd0.0,42,7,0.77,0.716,0.7428,0.7951,0.63
CNN_Adam_lr0.01_wd0.0,42,8,0.766,0.74,0.7695,0.8,0.63
CNN_Adam_lr0.01_wd0.0,42,9,0.776,0.736,0.7546,0.805,0.63
CNN_Adam_lr0.01_wd0.0,42,10,0.794,0.744,0.7739,0.8138,0.63
SteerableGCNN_Adam_lr0.01_wd0.0,42,1,0.648,0.752,0.7652,0.8139,2.34
SteerableGCNN_Adam_lr0.01_wd0.0,42,2,0.732,0.734,0.778,0.8267,2.34
SteerableGCNN_Adam_lr0.01_wd0.0,42,3,0.771,0.738,0.757,0.8323,2.34
SteerableGCNN_Adam_lr0.01_wd0.0,42,4,0.765,0.68,0.75,0.8099,2.35
SteerableGCNN_Adam_lr0.01_wd0.0,42,5,0.774,0.754,0.7905,0.8375,2.35
SteerableGCNN_Adam_lr0.01_wd0.0,42,6,0.777,0.742,0.7114,0.8437,2.35
SteerableGCNN_Adam_lr0.01_wd0.0,42,7,0.785,0.646,0.737,0.81,2.35
SteerableGCNN_Adam_lr0.01_wd0.0,42,8,0.783,0.73,0.6897,0.8367,2.35
SteerableGCNN_Adam_lr0.01_wd0.0,42,9,0.792,0.742,0.7633,0.8341,2.35
SteerableGCNN_Adam_lr0.01_wd0.0,42,10,0.798,0.682,0.5934,0.8469,2.35
GCNN_CYCLIC_4_Adam_lr0.01_wd0.0,42,1,0.519,0.516,0.6807,0.6069,1.16
GCNN_CYCLIC_4_Adam_lr0.01_wd0.0,42,2,0.584,0.654,0.7043,0.6587,1.17
GCNN_CYCLIC_4_Adam_lr0.01_wd0.0,42,3,0.647,0.672,0.7355,0.6379,1.16
GCNN_CYCLIC_4_Adam_lr0.01_wd0.0,42,4,0.647,0.668,0.7373,0.7398,1.16
GCNN_CYCLIC_4_Adam_lr0.01_wd0.0,42,5,0.659,0.638,0.6785,0.7087,1.17
GCNN_CYCLIC_4_Adam_lr0.01_wd0.0,42,6,0.664,0.662,0.714,0.7256,1.17
GCNN_CYCLIC_4_Adam_lr0.01_wd0.0,42,7,0.65,0.66,0.7148,0.6965,1.16
GCNN_CYCLIC_4_Adam_lr0.01_wd0.0,42,8,0.654,0.652,0.6979,0.6209,1.16
GCNN_CYCLIC_4_Adam_lr0.01_wd0.0,42,9,0.654,0.66,0.7222,0.7238,1.16
GCNN_CYCLIC_4_Adam_lr0.01_wd0.0,42,10,0.659,0.666,0.7231,0.7328,1.17
GCNN_DIHEDRAL_4_Adam_lr0.01_wd0.0,42,1,0.621,0.66,0.7276,0.5797,2.2
GCNN_DIHEDRAL_4_Adam_lr0.01_wd0.0,42,2,0.647,0.67,0.7343,0.5911,2.2
GCNN_DIHEDRAL_4_Adam_lr0.01_wd0.0,42,3,0.648,0.67,0.7334,0.5856,2.2
GCNN_DIHEDRAL_4_Adam_lr0.01_wd0.0,42,4,0.65,0.662,0.7436,0.5775,2.2
GCNN_DIHEDRAL_4_Adam_lr0.01_wd0.0,42,5,0.647,0.67,0.741,0.747,2.2
GCNN_DIHEDRAL_4_Adam_lr0.01_wd0.0,42,6,0.652,0.666,0.7319,0.7585,2.2
GCNN_DIHEDRAL_4_Adam_lr0.01_wd0.0,42,7,0.642,0.654,0.7422,0.7469,2.2
GCNN_DIHEDRAL_4_Adam_lr0.01_wd0.0,42,8,0.651,0.752,0.7832,0.7637,2.2
GCNN_DIHEDRAL_4_Adam_lr0.01_wd0.0,42,9,0.669,0.664,0.7367,0.7641,2.2
GCNN_DIHEDRAL_4_Adam_lr0.01_wd0.0,42,10,0.651,0.668,0.7438,0.7726,2.2
CNN_Adam_lr0.01_wd0.0001,42,1,0.612,0.668,0.7414,0.6025,0.63
CNN_Adam_lr0.01_wd0.0001,42,2,0.639,0.668,0.7382,0.7492,0.63
CNN_Adam_lr0.01_wd0.0001,42,3,0.649,0.66,0.7385,0.7752,0.64
CNN_Adam_lr0.01_wd0.0001,42,4,0.712,0.708,0.7474,0.7631,0.63
CNN_Adam_lr0.01_wd0.0001,42,5,0.688,0.706,0.7521,0.7872,0.63
CNN_Adam_lr0.01_wd0.0001,42,6,0.707,0.724,0.7273,0.8002,0.63
CNN_Adam_lr0.01_wd0.0001,42,7,0.744,0.682,0.6948,0.77,0.63
CNN_Adam_lr0.01_wd0.0001,42,8,0.743,0.7,0.7137,0.7833,0.63
CNN_Adam_lr0.01_wd0.0001,42,9,0.749,0.672,0.6435,0.7714,0.63
CNN_Adam_lr0.01_wd0.0001,42,10,0.772,0.674,0.6147,0.7878,0.63
SteerableGCNN_Adam_lr0.01_wd0.0001,42,1,0.741,0.676,0.6694,0.7298,2.34
SteerableGCNN_Adam_lr0.01_wd0.0001,42,2,0.758,0.594,0.4408,0.7042,2.34
SteerableGCNN_Adam_lr0.01_wd0.0001,42,3,0.765,0.588,0.3832,0.7909,2.35
SteerableGCNN_Adam_lr0.01_wd0.0001,42,4,0.763,0.726,0.737,0.8045,2.35
SteerableGCNN_Adam_lr0.01_wd0.0001,42,5,0.764,0.71,0.6697,0.8058,2.34
SteerableGCNN_Adam_lr0.01_wd0.0001,42,6,0.779,0.622,0.4457,0.8313,2.34
SteerableGCNN_Adam_lr0.01_wd0.0001,42,7,0.787,0.742,0.7725,0.8061,2.34
SteerableGCNN_Adam_lr0.01_wd0.0001,42,8,0.778,0.744,0.7647,0.8228,2.35
SteerableGCNN_Adam_lr0.01_wd0.0001,42,9,0.775,0.64,0.5263,0.8,2.34
SteerableGCNN_Adam_lr0.01_wd0.0001,42,10,0.776,0.738,0.7082,0.8267,2.34
GCNN_CYCLIC_4_Adam_lr0.01_wd0.0001,42,1,0.502,0.484,0.0,0.5257,1.16
GCNN_CYCLIC_4_Adam_lr0.01_wd0.0001,42,2,0.503,0.484,0.0,0.5617,1.17
GCNN_CYCLIC_4_Adam_lr0.01_wd0.0001,42,3,0.511,0.484,0.0,0.6702,1.16
GCNN_CYCLIC_4_Adam_lr0.01_wd0.0001,42,4,0.538,0.484,0.0,0.762,1.16
GCNN_CYCLIC_4_Adam_lr0.01_wd0.0001,42,5,0.509,0.484,0.0,0.4819,1.16
GCNN_CYCLIC_4_Adam_lr0.01_wd0.0001,42,6,0.484,0.484,0.0,0.5599,1.16
GCNN_CYCLIC_4_Adam_lr0.01_wd0.0001,42,7,0.505,0.484,0.0,0.5561,1.16
GCNN_CYCLIC_4_Adam_lr0.01_wd0.0001,42,8,0.54,0.62,0.6906,0.5933,1.16
GCNN_CYCLIC_4_Adam_lr0.01_wd0.0001,42,9,0.544,0.594,0.5964,0.6404,1.17
GCNN_CYCLIC_4_Adam_lr0.01_wd0.0001,42,10,0.63,0.63,0.6726,0.6021,1.16
GCNN_DIHEDRAL_4_Adam_lr0.01_wd0.0001,42,1,0.521,0.484,0.0,0.7125,2.2
GCNN_DIHEDRAL_4_Adam_lr0.01_wd0.0001,42,2,0.55,0.484,0.0,0.7539,2.2
GCNN_DIHEDRAL_4_Adam_lr0.01_wd0.0001,42,3,0.579,0.698,0.7337,0.7518,2.2
GCNN_DIHEDRAL_4_Adam_lr0.01_wd0.0001,42,4,0.669,0.67,0.6707,0.7239,2.2
GCNN_DIHEDRAL_4_Adam_lr0.01_wd0.0001,42,5,0.718,0.632,0.5423,0.778,2.2
GCNN_DIHEDRAL_4_Adam_lr0.01_wd0.0001,42,6,0.772,0.606,0.4962,0.7674,2.2
GCNN_DIHEDRAL_4_Adam_lr0.01_wd0.0001,42,7,0.743,0.716,0.756,0.8017,2.2
GCNN_DIHEDRAL_4_Adam_lr0.01_wd0.0001,42,8,0.724,0.66,0.575,0.7897,2.21
GCNN_DIHEDRAL_4_Adam_lr0.01_wd0.0001,42,9,0.745,0.716,0.7351,0.7986,2.2
GCNN_DIHEDRAL_4_Adam_lr0.01_wd0.0001,42,10,0.738,0.716,0.7418,0.7909,2.2
CNN_AdamW_lr0.0001_wd0.0,42,1,0.61,0.658,0.6973,0.7386,0.63
CNN_AdamW_lr0.0001_wd0.0,42,2,0.74,0.686,0.6815,0.7534,0.64
CNN_AdamW_lr0.0001_wd0.0,42,3,0.742,0.67,0.6341,0.7599,0.63
CNN_AdamW_lr0.0001_wd0.0,42,4,0.749,0.686,0.6963,0.7592,0.63
CNN_AdamW_lr0.0001_wd0.0,42,5,0.77,0.634,0.5197,0.7698,0.63
CNN_AdamW_lr0.0001_wd0.0,42,6,0.761,0.698,0.7068,0.7785,0.63
CNN_AdamW_lr0.0001_wd0.0,42,7,0.764,0.664,0.6019,0.7748,0.63
CNN_AdamW_lr0.0001_wd0.0,42,8,0.772,0.696,0.682,0.783,0.64
CNN_AdamW_lr0.0001_wd0.0,42,9,0.775,0.706,0.7157,0.785,0.63
CNN_AdamW_lr0.0001_wd0.0,42,10,0.768,0.68,0.6429,0.7736,0.63
SteerableGCNN_AdamW_lr0.0001_wd0.0,42,1,0.659,0.698,0.6937,0.7796,2.35
SteerableGCNN_AdamW_lr0.0001_wd0.0,42,2,0.706,0.712,0.7198,0.7872,2.34
SteerableGCNN_AdamW_lr0.0001_wd0.0,42,3,0.733,0.716,0.7311,0.7942,2.35
SteerableGCNN_AdamW_lr0.0001_wd0.0,42,4,0.74,0.728,0.7472,0.8013,2.35
SteerableGCNN_AdamW_lr0.0001_wd0.0,42,5,0.758,0.73,0.7458,0.8051,2.35
SteerableGCNN_AdamW_lr0.0001_wd0.0,42,6,0.739,0.728,0.75,0.8077,2.35
SteerableGCNN_AdamW_lr0.0001_wd0.0,42,7,0.743,0.73,0.7379,0.8058,2.35
SteerableGCNN_AdamW_lr0.0001_wd0.0,42,8,0.738,0.738,0.7542,0.8078,2.35
SteerableGCNN_AdamW_lr0.0001_wd0.0,42,9,0.752,0.736,0.7422,0.8049,2.35
SteerableGCNN_AdamW_lr0.0001_wd0.0,42,10,0.752,0.736,0.7422,0.8068,2.35
GCNN_CYCLIC_4_AdamW_lr0.0001_wd0.0,42,1,0.478,0.516,0.6807,0.776,1.16
GCNN_CYCLIC_4_AdamW_lr0.0001_wd0.0,42,2,0.478,0.516,0.6807,0.7866,1.16
GCNN_CYCLIC_4_AdamW_lr0.0001_wd0.0,42,3,0.478,0.516,0.6807,0.7538,1.16
GCNN_CYCLIC_4_AdamW_lr0.0001_wd0.0,42,4,0.478,0.516,0.6807,0.7602,1.16
GCNN_CYCLIC_4_AdamW_lr0.0001_wd0.0,42,5,0.478,0.516,0.6807,0.7629,1.16
GCNN_CYCLIC_4_AdamW_lr0.0001_wd0.0,42,6,0.478,0.516,0.6807,0.764,1.16
GCNN_CYCLIC_4_AdamW_lr0.0001_wd0.0,42,7,0.478,0.516,0.6807,0.7256,1.16
GCNN_CYCLIC_4_AdamW_lr0.0001_wd0.0,42,8,0.478,0.516,0.6807,0.7942,1.16
GCNN_CYCLIC_4_AdamW_lr0.0001_wd0.0,42,9,0.558,0.688,0.6842,0.7711,1.17
GCNN_CYCLIC_4_AdamW_lr0.0001_wd0.0,42,10,0.727,0.692,0.726,0.7753,1.17
GCNN_DIHEDRAL_4_AdamW_lr0.0001_wd0.0,42,1,0.595,0.686,0.743,0.7433,2.2
GCNN_DIHEDRAL_4_AdamW_lr0.0001_wd0.0,42,2,0.726,0.682,0.7354,0.7475,2.2
GCNN_DIHEDRAL_4_AdamW_lr0.0001_wd0.0,42,3,0.711,0.666,0.6585,0.7376,2.2
GCNN_DIHEDRAL_4_AdamW_lr0.0001_wd0.0,42,4,0.746,0.66,0.6222,0.754,2.2
GCNN_DIHEDRAL_4_AdamW_lr0.0001_wd0.0,42,5,0.753,0.692,0.692,0.7587,2.2
GCNN_DIHEDRAL_4_AdamW_lr0.0001_wd0.0,42,6,0.741,0.682,0.661,0.7641,2.2
GCNN_DIHEDRAL_4_AdamW_lr0.0001_wd0.0,42,7,0.747,0.644,0.586,0.7608,2.2
GCNN_DIHEDRAL_4_AdamW_lr0.0001_wd0.0,42,8,0.745,0.722,0.754,0.7635,2.21
GCNN_DIHEDRAL_4_AdamW_lr0.0001_wd0.0,42,9,0.744,0.666,0.6409,0.7667,2.2
GCNN_DIHEDRAL_4_AdamW_lr0.0001_wd0.0,42,10,0.755,0.682,0.6864,0.7688,2.2
CNN_AdamW_lr0.0001_wd0.0001,42,1,0.635,0.67,0.6374,0.7508,0.63
CNN_AdamW_lr0.0001_wd0.0001,42,2,0.724,0.674,0.7115,0.7552,0.64
CNN_AdamW_lr0.0001_wd0.0001,42,3,0.75,0.678,0.6653,0.7664,0.63
CNN_AdamW_lr0.0001_wd0.0001,42,4,0.753,0.658,0.6032,0.7645,0.63
CNN_AdamW_lr0.0001_wd0.0001,42,5,0.764,0.688,0.6941,0.774,0.63
CNN_AdamW_lr0.0001_wd0.0001,42,6,0.764,0.698,0.701,0.78,0.63
CNN_AdamW_lr0.0001_wd0.0001,42,7,0.753,0.722,0.7402,0.7824,0.63
CNN_AdamW_lr0.0001_wd0.0001,42,8,0.771,0.696,0.6972,0.7818,0.63
CNN_AdamW_lr0.0001_wd0.0001,42,9,0.767,0.664,0.6019,0.7724,0.63
CNN_AdamW_lr0.0001_wd0.0001,42,10,0.778,0.672,0.6204,0.7774,0.63
SteerableGCNN_AdamW_lr0.0001_wd0.0001,42,1,0.546,0.49,0.5487,0.4447,2.35
SteerableGCNN_AdamW_lr0.0001_wd0.0001,42,2,0.615,0.67,0.7059,0.7108,2.35
SteerableGCNN_AdamW_lr0.0001_wd0.0001,42,3,0.714,0.724,0.7454,0.7825,2.35
SteerableGCNN_AdamW_lr0.0001_wd0.0001,42,4,0.743,0.726,0.735,0.7933,2.34
SteerableGCNN_AdamW_lr0.0001_wd0.0001,42,5,0.73,0.72,0.7276,0.7965,2.35
SteerableGCNN_AdamW_lr0.0001_wd0.0001,42,6,0.732,0.722,0.728,0.7973,2.35
SteerableGCNN_AdamW_lr0.0001_wd0.0001,42,7,0.753,0.732,0.7413,0.8054,2.35
SteerableGCNN_AdamW_lr0.0001_wd0.0001,42,8,0.751,0.72,0.7177,0.8038,2.34
SteerableGCNN_AdamW_lr0.0001_wd0.0001,42,9,0.768,0.734,0.7397,0.8047,2.34
SteerableGCNN_AdamW_lr0.0001_wd0.0001,42,10,0.751,0.728,0.7302,0.7953,2.34
GCNN_CYCLIC_4_AdamW_lr0.0001_wd0.0001,42,1,0.616,0.692,0.7556,0.734,1.16
GCNN_CYCLIC_4_AdamW_lr0.0001_wd0.0001,42,2,0.738,0.706,0.7578,0.7437,1.17
GCNN_CYCLIC_4_AdamW_lr0.0001_wd0.0001,42,3,0.739,0.688,0.7057,0.7674,1.16
GCNN_CYCLIC_4_AdamW_lr0.0001_wd0.0001,42,4,0.764,0.694,0.7052,0.7781,1.16
GCNN_CYCLIC_4_AdamW_lr0.0001_wd0.0001,42,5,0.759,0.68,0.6552,0.7784,1.16
GCNN_CYCLIC_4_AdamW_lr0.0001_wd0.0001,42,6,0.769,0.716,0.7311,0.7828,1.16
GCNN_CYCLIC_4_AdamW_lr0.0001_wd0.0001,42,7,0.775,0.688,0.6638,0.7785,1.16
GCNN_CYCLIC_4_AdamW_lr0.0001_wd0.0001,42,8,0.775,0.65,0.5783,0.7706,1.16
GCNN_CYCLIC_4_AdamW_lr0.0001_wd0.0001,42,9,0.769,0.686,0.6565,0.7792,1.16
GCNN_CYCLIC_4_AdamW_lr0.0001_wd0.0001,42,10,0.781,0.706,0.7112,0.7886,1.16
GCNN_DIHEDRAL_4_AdamW_lr0.0001_wd0.0001,42,1,0.688,0.638,0.5371,0.7534,2.21
GCNN_DIHEDRAL_4_AdamW_lr0.0001_wd0.0001,42,2,0.735,0.67,0.6809,0.7396,2.2
GCNN_DIHEDRAL_4_AdamW_lr0.0001_wd0.0001,42,3,0.751,0.674,0.6733,0.7501,2.2
GCNN_DIHEDRAL_4_AdamW_lr0.0001_wd0.0001,42,4,0.752,0.676,0.6582,0.7618,2.21
GCNN_DIHEDRAL_4_AdamW_lr0.0001_wd0.0001,42,5,0.774,0.7,0.718,0.7528,2.2
GCNN_DIHEDRAL_4_AdamW_lr0.0001_wd0.0001,42,6,0.75,0.692,0.7027,0.7747,2.2
GCNN_DIHEDRAL_4_AdamW_lr0.0001_wd0.0001,42,7,0.77,0.674,0.6583,0.7681,2.2
GCNN_DIHEDRAL_4_AdamW_lr0.0001_wd0.0001,42,8,0.779,0.7,0.718,0.7707,2.2
GCNN_DIHEDRAL_4_AdamW_lr0.0001_wd0.0001,42,9,0.764,0.642,0.5445,0.7656,2.2
GCNN_DIHEDRAL_4_AdamW_lr0.0001_wd0.0001,42,10,0.77,0.686,0.6903,0.7719,2.2
CNN_AdamW_lr0.001_wd0.0,42,1,0.642,0.68,0.746,0.7599,0.63
CNN_AdamW_lr0.001_wd0.0,42,2,0.657,0.68,0.746,0.7781,0.63
CNN_AdamW_lr0.001_wd0.0,42,3,0.749,0.702,0.7162,0.7846,0.63
CNN_AdamW_lr0.001_wd0.0,42,4,0.751,0.706,0.7211,0.7942,0.63
CNN_AdamW_lr0.001_wd0.0,42,5,0.777,0.732,0.7666,0.8014,0.63
CNN_AdamW_lr0.001_wd0.0,42,6,0.777,0.66,0.5771,0.803,0.63
CNN_AdamW_lr0.001_wd0.0,42,7,0.781,0.676,0.6143,0.8025,0.63
CNN_AdamW_lr0.001_wd0.0,42,8,0.778,0.614,0.4908,0.7907,0.63
CNN_AdamW_lr0.001_wd0.0,42,9,0.786,0.712,0.722,0.811,0.63
CNN_AdamW_lr0.001_wd0.0,42,10,0.786,0.726,0.7329,0.8177,0.63
SteerableGCNN_AdamW_lr0.001_wd0.0,42,1,0.679,0.686,0.6217,0.8007,2.35
SteerableGCNN_AdamW_lr0.001_wd0.0,42,2,0.744,0.706,0.7273,0.7619,2.34
SteerableGCNN_AdamW_lr0.001_wd0.0,42,3,0.757,0.736,0.76,0.7822,2.35
SteerableGCNN_AdamW_lr0.001_wd0.0,42,4,0.768,0.722,0.7549,0.7851,2.35
SteerableGCNN_AdamW_lr0.001_wd0.0,42,5,0.766,0.754,0.7574,0.8186,2.35
SteerableGCNN_AdamW_lr0.001_wd0.0,42,6,0.768,0.734,0.709,0.8141,2.35
SteerableGCNN_AdamW_lr0.001_wd0.0,42,7,0.782,0.764,0.7713,0.8228,2.35
SteerableGCNN_AdamW_lr0.001_wd0.0,42,8,0.778,0.76,0.759,0.817,2.34
SteerableGCNN_AdamW_lr0.001_wd0.0,42,9,0.776,0.752,0.7459,0.8226,2.35
SteerableGCNN_AdamW_lr0.001_wd0.0,42,10,0.785,0.764,0.7668,0.8202,2.35
GCNN_CYCLIC_4_AdamW_lr0.001_wd0.0,42,1,0.505,0.484,0.0,0.6902,1.17
GCNN_CYCLIC_4_AdamW_lr0.001_wd0.0,42,2,0.52,0.638,0.6796,0.6405,1.16
GCNN_CYCLIC_4_AdamW_lr0.001_wd0.0,42,3,0.625,0.68,0.7476,0.6854,1.16
GCNN_CYCLIC_4_AdamW_lr0.001_wd0.0,42,4,0.642,0.654,0.7043,0.6374,1.17
GCNN_CYCLIC_4_AdamW_lr0.001_wd0.0,42,5,0.652,0.67,0.7227,0.6395,1.16
GCNN_CYCLIC_4_AdamW_lr0.001_wd0.0,42,6,0.668,0.666,0.7174,0.698,1.16
GCNN_CYCLIC_4_AdamW_lr0.001_wd0.0,42,7,0.67,0.664,0.7162,0.6346,1.16
GCNN_CYCLIC_4_AdamW_lr0.001_wd0.0,42,8,0.669,0.664,0.7153,0.6362,1.16
GCNN_CYCLIC_4_AdamW_lr0.001_wd0.0,42,9,0.662,0.674,0.7279,0.6329,1.17
GCNN_CYCLIC_4_AdamW_lr0.001_wd0.0,42,10,0.66,0.656,0.7045,0.6232,1.17
GCNN_DIHEDRAL_4_AdamW_lr0.001_wd0.0,42,1,0.539,0.484,0.0,0.6784,2.2
GCNN_DIHEDRAL_4_AdamW_lr0.001_wd0.0,42,2,0.557,0.686,0.7161,0.725,2.2
GCNN_DIHEDRAL_4_AdamW_lr0.001_wd0.0,42,3,0.729,0.72,0.7552,0.7784,2.2
GCNN_DIHEDRAL_4_AdamW_lr0.001_wd0.0,42,4,0.744,0.702,0.7129,0.7805,2.2
GCNN_DIHEDRAL_4_AdamW_lr0.001_wd0.0,42,5,0.758,0.66,0.6336,0.7746,2.2
GCNN_DIHEDRAL_4_AdamW_lr0.001_wd0.0,42,6,0.778,0.7,0.7012,0.7623,2.2
GCNN_DIHEDRAL_4_AdamW_lr0.001_wd0.0,42,7,0.766,0.686,0.6776,0.779,2.21
GCNN_DIHEDRAL_4_AdamW_lr0.001_wd0.0,42,8,0.77,0.696,0.702,0.7948,2.2
GCNN_DIHEDRAL_4_AdamW_lr0.001_wd0.0,42,9,0.775,0.712,0.7073,0.806,2.2
GCNN_DIHEDRAL_4_AdamW_lr0.001_wd0.0,42,10,0.777,0.702,0.7073,0.7947,2.2
CNN_AdamW_lr0.001_wd0.0001,42,1,0.61,0.622,0.5714,0.724,0.63
CNN_AdamW_lr0.001_wd0.0001,42,2,0.73,0.658,0.6354,0.7557,0.63
CNN_AdamW_lr0.001_wd0.0001,42,3,0.73,0.704,0.7208,0.7704,0.63
CNN_AdamW_lr0.001_wd0.0001,42,4,0.73,0.69,0.7002,0.7691,0.63
CNN_AdamW_lr0.001_wd0.0001,42,5,0.767,0.7,0.7387,0.7739,0.63
CNN_AdamW_lr0.001_wd0.0001,42,6,0.767,0.632,0.5468,0.7682,0.63
CNN_AdamW_lr0.001_wd0.0001,42,7,0.744,0.64,0.5946,0.7535,0.64
CNN_AdamW_lr0.001_wd0.0001,42,8,0.78,0.686,0.6624,0.7699,0.63
CNN_AdamW_lr0.001_wd0.0001,42,9,0.766,0.716,0.728,0.7816,0.63
CNN_AdamW_lr0.001_wd0.0001,42,10,0.779,0.698,0.6753,0.7786,0.63
SteerableGCNN_AdamW_lr0.001_wd0.0001,42,1,0.68,0.664,0.5821,0.7703,2.36
SteerableGCNN_AdamW_lr0.001_wd0.0001,42,2,0.755,0.71,0.7071,0.7832,2.35
SteerableGCNN_AdamW_lr0.001_wd0.0001,42,3,0.749,0.702,0.6889,0.7898,2.34
SteerableGCNN_AdamW_lr0.001_wd0.0001,42,4,0.757,0.708,0.6867,0.7908,2.34
SteerableGCNN_AdamW_lr0.001_wd0.0001,42,5,0.765,0.716,0.716,0.7949,2.35
SteerableGCNN_AdamW_lr0.001_wd0.0001,42,6,0.774,0.738,0.7385,0.8011,2.34
SteerableGCNN_AdamW_lr0.001_wd0.0001,42,7,0.771,0.732,0.7528,0.8028,2.35
SteerableGCNN_AdamW_lr0.001_wd0.0001,42,8,0.763,0.688,0.6471,0.7939,2.35
SteerableGCNN_AdamW_lr0.001_wd0.0001,42,9,0.772,0.712,0.6814,0.8003,2.35
SteerableGCNN_AdamW_lr0.001_wd0.0001,42,10,0.766,0.756,0.7645,0.8131,2.35
GCNN_CYCLIC_4_AdamW_lr0.001_wd0.0001,42,1,0.623,0.648,0.7373,0.713,1.16
GCNN_CYCLIC_4_AdamW_lr0.001_wd0.0001,42,2,0.71,0.518,0.2201,0.7603,1.17
GCNN_CYCLIC_4_AdamW_lr0.001_wd0.0001,42,3,0.722,0.694,0.7203,0.7216,1.16
GCNN_CYCLIC_4_AdamW_lr0.001_wd0.0001,42,4,0.748,0.736,0.7676,0.7904,1.16
GCNN_CYCLIC_4_AdamW_lr0.001_wd0.0001,42,5,0.757,0.732,0.7853,0.7709,1.16
GCNN_CYCLIC_4_AdamW_lr0.001_wd0.0001,42,6,0.747,0.722,0.7362,0.7885,1.16
GCNN_CYCLIC_4_AdamW_lr0.001_wd0.0001,42,7,0.755,0.742,0.781,0.7838,1.16
GCNN_CYCLIC_4_AdamW_lr0.001_wd0.0001,42,8,0.767,0.744,0.7739,0.7923,1.16
GCNN_CYCLIC_4_AdamW_lr0.001_wd0.0001,42,9,0.768,0.726,0.7523,0.7844,1.16
GCNN_CYCLIC_4_AdamW_lr0.001_wd0.0001,42,10,0.762,0.748,0.7742,0.8207,1.16
GCNN_DIHEDRAL_4_AdamW_lr0.001_wd0.0001,42,1,0.544,0.642,0.6832,0.6311,2.21
GCNN_DIHEDRAL_4_AdamW_lr0.001_wd0.0001,42,2,0.646,0.616,0.6458,0.6363,2.2
GCNN_DIHEDRAL_4_AdamW_lr0.001_wd0.0001,42,3,0.656,0.636,0.6796,0.6189,2.2
GCNN_DIHEDRAL_4_AdamW_lr0.001_wd0.0001,42,4,0.643,0.648,0.6955,0.6366,2.21
GCNN_DIHEDRAL_4_AdamW_lr0.001_wd0.0001,42,5,0.649,0.672,0.7389,0.6259,2.2
GCNN_DIHEDRAL_4_AdamW_lr0.001_wd0.0001,42,6,0.656,0.68,0.7492,0.6051,2.21
GCNN_DIHEDRAL_4_AdamW_lr0.001_wd0.0001,42,7,0.657,0.66,0.724,0.6038,2.2
GCNN_DIHEDRAL_4_AdamW_lr0.001_wd0.0001,42,8,0.658,0.678,0.744,0.6099,2.2
GCNN_DIHEDRAL_4_AdamW_lr0.001_wd0.0001,42,9,0.655,0.656,0.7075,0.6223,2.21
GCNN_DIHEDRAL_4_AdamW_lr0.001_wd0.0001,42,10,0.668,0.67,0.7352,0.5908,2.2
CNN_AdamW_lr0.01_wd0.0,42,1,0.5,0.484,0.0,0.7327,0.63
CNN_AdamW_lr0.01_wd0.0,42,2,0.6,0.664,0.7282,0.6032,0.63
CNN_AdamW_lr0.01_wd0.0,42,3,0.627,0.668,0.7422,0.6194,0.63
CNN_AdamW_lr0.01_wd0.0,42,4,0.674,0.708,0.7181,0.7726,0.63
CNN_AdamW_lr0.01_wd0.0,42,5,0.751,0.7,0.6725,0.8084,0.63
CNN_AdamW_lr0.01_wd0.0,42,6,0.738,0.698,0.6937,0.7744,0.63
CNN_AdamW_lr0.01_wd0.0,42,7,0.758,0.726,0.7329,0.814,0.64
CNN_AdamW_lr0.01_wd0.0,42,8,0.775,0.726,0.714,0.8227,0.63
CNN_AdamW_lr0.01_wd0.0,42,9,0.775,0.72,0.7046,0.825,0.63
CNN_AdamW_lr0.01_wd0.0,42,10,0.781,0.742,0.7383,0.8255,0.63
SteerableGCNN_AdamW_lr0.01_wd0.0,42,1,0.686,0.636,0.5285,0.7749,2.35
SteerableGCNN_AdamW_lr0.01_wd0.0,42,2,0.749,0.684,0.6695,0.7874,2.35
SteerableGCNN_AdamW_lr0.01_wd0.0,42,3,0.753,0.698,0.671,0.7806,2.35
SteerableGCNN_AdamW_lr0.01_wd0.0,42,4,0.781,0.738,0.7277,0.8112,2.34
SteerableGCNN_AdamW_lr0.01_wd0.0,42,5,0.743,0.722,0.7311,0.8093,2.35
SteerableGCNN_AdamW_lr0.01_wd0.0,42,6,0.773,0.64,0.5109,0.8219,2.35
SteerableGCNN_AdamW_lr0.01_wd0.0,42,7,0.773,0.62,0.4571,0.82,2.35
SteerableGCNN_AdamW_lr0.01_wd0.0,42,8,0.784,0.736,0.7732,0.8114,2.35
SteerableGCNN_AdamW_lr0.01_wd0.0,42,9,0.779,0.734,0.7816,0.8185,2.35
SteerableGCNN_AdamW_lr0.01_wd0.0,42,10,0.788,0.752,0.7762,0.8245,2.35
GCNN_CYCLIC_4_AdamW_lr0.01_wd0.0,42,1,0.599,0.67,0.7377,0.6245,1.16
GCNN_CYCLIC_4_AdamW_lr0.01_wd0.0,42,2,0.644,0.65,0.7344,0.5868,1.17
GCNN_CYCLIC_4_AdamW_lr0.01_wd0.0,42,3,0.639,0.67,0.7393,0.6246,1.16
GCNN_CYCLIC_4_AdamW_lr0.01_wd0.0,42,4,0.646,0.666,0.7395,0.6235,1.16
GCNN_CYCLIC_4_AdamW_lr0.01_wd0.0,42,5,0.651,0.67,0.7334,0.6272,1.16
GCNN_CYCLIC_4_AdamW_lr0.01_wd0.0,42,6,0.653,0.658,0.7174,0.6342,1.16
GCNN_CYCLIC_4_AdamW_lr0.01_wd0.0,42,7,0.658,0.664,0.7246,0.6246,1.16
GCNN_CYCLIC_4_AdamW_lr0.01_wd0.0,42,8,0.652,0.662,0.7234,0.6244,1.16
GCNN_CYCLIC_4_AdamW_lr0.01_wd0.0,42,9,0.65,0.664,0.7255,0.6215,1.16
GCNN_CYCLIC_4_AdamW_lr0.01_wd0.0,42,10,0.657,0.66,0.7157,0.6234,1.16
GCNN_DIHEDRAL_4_AdamW_lr0.01_wd0.0,42,1,0.514,0.484,0.0,0.6169,2.21
GCNN_DIHEDRAL_4_AdamW_lr0.01_wd0.0,42,2,0.496,0.484,0.0,0.3117,2.2
GCNN_DIHEDRAL_4_AdamW_lr0.01_wd0.0,42,3,0.522,0.484,0.0,0.511,2.2
GCNN_DIHEDRAL_4_AdamW_lr0.01_wd0.0,42,4,0.522,0.484,0.0,0.4751,2.2
GCNN_DIHEDRAL_4_AdamW_lr0.01_wd0.0,42,5,0.51,0.484,0.0,0.5322,2.2
GCNN_DIHEDRAL_4_AdamW_lr0.01_wd0.0,42,6,0.5,0.484,0.0,0.6858,2.2
GCNN_DIHEDRAL_4_AdamW_lr0.01_wd0.0,42,7,0.579,0.64,0.7152,0.6329,2.2
GCNN_DIHEDRAL_4_AdamW_lr0.01_wd0.0,42,8,0.629,0.66,0.736,0.6178,2.2
GCNN_DIHEDRAL_4_AdamW_lr0.01_wd0.0,42,9,0.639,0.666,0.7395,0.6962,2.2
GCNN_DIHEDRAL_4_AdamW_lr0.01_wd0.0,42,10,0.645,0.662,0.7388,0.7116,2.2
CNN_AdamW_lr0.01_wd0.0001,42,1,0.517,0.636,0.7174,0.6323,0.63
CNN_AdamW_lr0.01_wd0.0001,42,2,0.572,0.66,0.7377,0.716,0.63
CNN_AdamW_lr0.01_wd0.0001,42,3,0.707,0.68,0.6992,0.7289,0.63
CNN_AdamW_lr0.01_wd0.0001,42,4,0.743,0.68,0.6708,0.7491,0.63
CNN_AdamW_lr0.01_wd0.0001,42,5,0.752,0.736,0.766,0.7923,0.63
CNN_AdamW_lr0.01_wd0.0001,42,6,0.771,0.732,0.769,0.7728,0.63
CNN_AdamW_lr0.01_wd0.0001,42,7,0.788,0.74,0.7584,0.813,0.63
CNN_AdamW_lr0.01_wd0.0001,42,8,0.775,0.73,0.7284,0.8125,0.63
CNN_AdamW_lr0.01_wd0.0001,42,9,0.784,0.714,0.7088,0.804,0.63
CNN_AdamW_lr0.01_wd0.0001,42,10,0.796,0.726,0.7287,0.8018,0.63
SteerableGCNN_AdamW_lr0.01_wd0.0001,42,1,0.701,0.486,0.0586,0.6938,2.35
SteerableGCNN_AdamW_lr0.01_wd0.0001,42,2,0.76,0.5,0.1007,0.7931,2.34
SteerableGCNN_AdamW_lr0.01_wd0.0001,42,3,0.758,0.718,0.6773,0.8075,2.35
SteerableGCNN_AdamW_lr0.01_wd0.0001,42,4,0.768,0.544,0.2349,0.8276,2.35
SteerableGCNN_AdamW_lr0.01_wd0.0001,42,5,0.759,0.482,0.0,0.8267,2.35
SteerableGCNN_AdamW_lr0.01_wd0.0001,42,6,0.781,0.69,0.6283,0.8192,2.34
SteerableGCNN_AdamW_lr0.01_wd0.0001,42,7,0.784,0.602,0.413,0.8225,2.34
SteerableGCNN_AdamW_lr0.01_wd0.0001,42,8,0.791,0.532,0.1875,0.8329,2.35
SteerableGCNN_AdamW_lr0.01_wd0.0001,42,9,0.764,0.532,0.2353,0.7026,2.35
SteerableGCNN_AdamW_lr0.01_wd0.0001,42,10,0.763,0.724,0.7738,0.809,2.35
GCNN_CYCLIC_4_AdamW_lr0.01_wd0.0001,42,1,0.639,0.72,0.7643,0.7317,1.16
GCNN_CYCLIC_4_AdamW_lr0.01_wd0.0001,42,2,0.694,0.714,0.7547,0.7387,1.17
GCNN_CYCLIC_4_AdamW_lr0.01_wd0.0001,42,3,0.714,0.692,0.6944,0.7635,1.16
GCNN_CYCLIC_4_AdamW_lr0.01_wd0.0001,42,4,0.744,0.712,0.7154,0.8115,1.16
GCNN_CYCLIC_4_AdamW_lr0.01_wd0.0001,42,5,0.754,0.686,0.6879,0.7413,1.16
GCNN_CYCLIC_4_AdamW_lr0.01_wd0.0001,42,6,0.741,0.726,0.7532,0.8013,1.16
GCNN_CYCLIC_4_AdamW_lr0.01_wd0.0001,42,7,0.744,0.698,0.6637,0.8,1.16
GCNN_CYCLIC_4_AdamW_lr0.01_wd0.0001,42,8,0.791,0.722,0.7258,0.7996,1.16
GCNN_CYCLIC_4_AdamW_lr0.01_wd0.0001,42,9,0.785,0.754,0.78,0.8107,1.16
GCNN_CYCLIC_4_AdamW_lr0.01_wd0.0001,42,10,0.782,0.72,0.6957,0.8191,1.17
GCNN_DIHEDRAL_4_AdamW_lr0.01_wd0.0001,42,1,0.609,0.696,0.6984,0.7463,2.21
GCNN_DIHEDRAL_4_AdamW_lr0.01_wd0.0001,42,2,0.731,0.616,0.5596,0.7289,2.2
GCNN_DIHEDRAL_4_AdamW_lr0.01_wd0.0001,42,3,0.728,0.7,0.707,0.7777,2.2
GCNN_DIHEDRAL_4_AdamW_lr0.01_wd0.0001,42,4,0.737,0.738,0.7714,0.7623,2.21
GCNN_DIHEDRAL_4_AdamW_lr0.01_wd0.0001,42,5,0.758,0.706,0.7252,0.7675,2.2
GCNN_DIHEDRAL_4_AdamW_lr0.01_wd0.0001,42,6,0.745,0.708,0.7137,0.8018,2.2
GCNN_DIHEDRAL_4_AdamW_lr0.01_wd0.0001,42,7,0.752,0.738,0.7706,0.7774,2.2
GCNN_DIHEDRAL_4_AdamW_lr0.01_wd0.0001,42,8,0.755,0.73,0.7477,0.7951,2.21
GCNN_DIHEDRAL_4_AdamW_lr0.01_wd0.0001,42,9,0.752,0.74,0.7451,0.8225,2.2
GCNN_DIHEDRAL_4_AdamW_lr0.01_wd0.0001,42,10,0.751,0.728,0.7589,0.816,2.2
CNN_Adam_lr0.0001_wd0.0,42,1,0.671,0.646,0.5986,0.7495,8.85
CNN_Adam_lr0.0001_wd0.0,42,2,0.734,0.654,0.5811,0.7547,0.6
CNN_Adam_lr0.0001_wd0.0,42,3,0.761,0.7,0.7059,0.767,0.6
CNN_Adam_lr0.0001_wd0.0,42,4,0.767,0.678,0.6653,0.764,0.6
CNN_Adam_lr0.0001_wd0.0,42,5,0.771,0.702,0.6902,0.7804,0.6
CNN_Adam_lr0.0001_wd0.0,42,6,0.779,0.672,0.6132,0.7794,0.6
CNN_Adam_lr0.0001_wd0.0,42,7,0.778,0.642,0.5398,0.7897,0.6
CNN_Adam_lr0.0001_wd0.0,42,8,0.774,0.716,0.7259,0.7938,0.6
CNN_Adam_lr0.0001_wd0.0,42,9,0.783,0.682,0.6311,0.7967,0.59
CNN_Adam_lr0.0001_wd0.0,42,10,0.779,0.668,0.6066,0.7937,0.6
SteerableGCNN_Adam_lr0.0001_wd0.0,42,1,0.429,0.488,0.0376,0.6579,3.13
SteerableGCNN_Adam_lr0.0001_wd0.0,42,2,0.575,0.55,0.4472,0.6841,2.28
SteerableGCNN_Adam_lr0.0001_wd0.0,42,3,0.652,0.618,0.591,0.6876,2.28
SteerableGCNN_Adam_lr0.0001_wd0.0,42,4,0.691,0.648,0.6255,0.7106,2.28
SteerableGCNN_Adam_lr0.0001_wd0.0,42,5,0.706,0.652,0.6282,0.7243,2.27
SteerableGCNN_Adam_lr0.0001_wd0.0,42,6,0.711,0.682,0.6814,0.7394,2.28
SteerableGCNN_Adam_lr0.0001_wd0.0,42,7,0.731,0.684,0.6802,0.7414,2.28
SteerableGCNN_Adam_lr0.0001_wd0.0,42,8,0.738,0.694,0.6946,0.7597,2.28
SteerableGCNN_Adam_lr0.0001_wd0.0,42,9,0.751,0.706,0.7089,0.767,2.28
SteerableGCNN_Adam_lr0.0001_wd0.0,42,10,0.752,0.696,0.6885,0.7714,2.28
GCNN_CYCLIC_4_Adam_lr0.0001_wd0.0,42,1,0.638,0.712,0.7353,0.7881,2.11
GCNN_CYCLIC_4_Adam_lr0.0001_wd0.0,42,2,0.765,0.698,0.6591,0.8003,1.12
GCNN_CYCLIC_4_Adam_lr0.0001_wd0.0,42,3,0.769,0.736,0.7609,0.8065,1.12
GCNN_CYCLIC_4_Adam_lr0.0001_wd0.0,42,4,0.785,0.722,0.6985,0.8108,1.12
GCNN_CYCLIC_4_Adam_lr0.0001_wd0.0,42,5,0.78,0.704,0.6574,0.8102,1.12
GCNN_CYCLIC_4_Adam_lr0.0001_wd0.0,42,6,0.805,0.736,0.7519,0.8022,1.12
GCNN_CYCLIC_4_Adam_lr0.0001_wd0.0,42,7,0.805,0.72,0.6943,0.8116,1.12
GCNN_CYCLIC_4_Adam_lr0.0001_wd0.0,42,8,0.795,0.734,0.7621,0.8149,1.12
GCNN_CYCLIC_4_Adam_lr0.0001_wd0.0,42,9,0.778,0.718,0.6846,0.8189,1.12
GCNN_CYCLIC_4_Adam_lr0.0001_wd0.0,42,10,0.803,0.746,0.7445,0.8218,1.12
GCNN_DIHEDRAL_4_Adam_lr0.0001_wd0.0,42,1,0.705,0.688,0.688,0.7584,2.16
GCNN_DIHEDRAL_4_Adam_lr0.0001_wd0.0,42,2,0.755,0.698,0.726,0.7681,2.15
GCNN_DIHEDRAL_4_Adam_lr0.0001_wd0.0,42,3,0.755,0.696,0.7077,0.783,2.15
GCNN_DIHEDRAL_4_Adam_lr0.0001_wd0.0,42,4,0.767,0.69,0.683,0.7753,2.15
GCNN_DIHEDRAL_4_Adam_lr0.0001_wd0.0,42,5,0.783,0.698,0.6794,0.7837,2.16
GCNN_DIHEDRAL_4_Adam_lr0.0001_wd0.0,42,6,0.77,0.662,0.6269,0.7852,2.15
GCNN_DIHEDRAL_4_Adam_lr0.0001_wd0.0,42,7,0.773,0.726,0.7567,0.7921,2.16
GCNN_DIHEDRAL_4_Adam_lr0.0001_wd0.0,42,8,0.789,0.708,0.7483,0.7914,2.15
GCNN_DIHEDRAL_4_Adam_lr0.0001_wd0.0,42,9,0.784,0.694,0.6819,0.8021,2.16
GCNN_DIHEDRAL_4_Adam_lr0.0001_wd0.0,42,10,0.794,0.702,0.6809,0.7972,2.16
CNN_Adam_lr0.0001_wd0.0001,42,1,0.694,0.632,0.5468,0.7649,0.78
CNN_Adam_lr0.0001_wd0.0001,42,2,0.742,0.698,0.7146,0.7738,0.6
CNN_Adam_lr0.0001_wd0.0001,42,3,0.763,0.636,0.5309,0.783,0.6
CNN_Adam_lr0.0001_wd0.0001,42,4,0.755,0.686,0.6638,0.7855,0.6
CNN_Adam_lr0.0001_wd0.0001,42,5,0.759,0.696,0.6972,0.7903,0.6
CNN_Adam_lr0.0001_wd0.0001,42,6,0.77,0.68,0.6567,0.7933,0.6
CNN_Adam_lr0.0001_wd0.0001,42,7,0.769,0.7,0.6976,0.7948,0.6
CNN_Adam_lr0.0001_wd0.0001,42,8,0.787,0.698,0.6794,0.7936,0.6
CNN_Adam_lr0.0001_wd0.0001,42,9,0.788,0.706,0.7135,0.7958,0.6
CNN_Adam_lr0.0001_wd0.0001,42,10,0.789,0.698,0.6834,0.7986,0.6
SteerableGCNN_Adam_lr0.0001_wd0.0001,42,1,0.601,0.644,0.711,0.68,2.28
SteerableGCNN_Adam_lr0.0001_wd0.0001,42,2,0.612,0.656,0.7261,0.741,2.28
SteerableGCNN_Adam_lr0.0001_wd0.0001,42,3,0.622,0.674,0.7465,0.7926,2.28
SteerableGCNN_Adam_lr0.0001_wd0.0001,42,4,0.611,0.74,0.7833,0.8056,2.28
SteerableGCNN_Adam_lr0.0001_wd0.0001,42,5,0.645,0.728,0.7741,0.8022,2.28
SteerableGCNN_Adam_lr0.0001_wd0.0001,42,6,0.665,0.732,0.7736,0.8047,2.28
SteerableGCNN_Adam_lr0.0001_wd0.0001,42,7,0.689,0.744,0.7793,0.8038,2.28
SteerableGCNN_Adam_lr0.0001_wd0.0001,42,8,0.697,0.75,0.7795,0.8061,2.28
SteerableGCNN_Adam_lr0.0001_wd0.0001,42,9,0.703,0.744,0.7746,0.8093,2.28
SteerableGCNN_Adam_lr0.0001_wd0.0001,42,10,0.707,0.758,0.7804,0.8097,2.28
GCNN_CYCLIC_4_Adam_lr0.0001_wd0.0001,42,1,0.569,0.664,0.6316,0.7627,1.12
GCNN_CYCLIC_4_Adam_lr0.0001_wd0.0001,42,2,0.677,0.658,0.722,0.7252,1.12
GCNN_CYCLIC_4_Adam_lr0.0001_wd0.0001,42,3,0.731,0.678,0.6898,0.7605,1.12
GCNN_CYCLIC_4_Adam_lr0.0001_wd0.0001,42,4,0.747,0.698,0.7568,0.733,1.12
GCNN_CYCLIC_4_Adam_lr0.0001_wd0.0001,42,5,0.723,0.678,0.6552,0.7678,1.13
GCNN_CYCLIC_4_Adam_lr0.0001_wd0.0001,42,6,0.74,0.696,0.682,0.7757,1.12
GCNN_CYCLIC_4_Adam_lr0.0001_wd0.0001,42,7,0.756,0.624,0.5,0.776,1.12
GCNN_CYCLIC_4_Adam_lr0.0001_wd0.0001,42,8,0.763,0.704,0.7186,0.7889,1.12
GCNN_CYCLIC_4_Adam_lr0.0001_wd0.0001,42,9,0.76,0.74,0.7719,0.7873,1.12
GCNN_CYCLIC_4_Adam_lr0.0001_wd0.0001,42,10,0.789,0.684,0.6291,0.7962,1.12
GCNN_DIHEDRAL_4_Adam_lr0.0001_wd0.0001,42,1,0.661,0.642,0.5768,0.7561,2.17
GCNN_DIHEDRAL_4_Adam_lr0.0001_wd0.0001,42,2,0.719,0.652,0.6375,0.7612,2.16
GCNN_DIHEDRAL_4_Adam_lr0.0001_wd0.0001,42,3,0.762,0.634,0.5414,0.7721,2.16
GCNN_DIHEDRAL_4_Adam_lr0.0001_wd0.0001,42,4,0.762,0.694,0.7041,0.7762,2.17
GCNN_DIHEDRAL_4_Adam_lr0.0001_wd0.0001,42,5,0.788,0.716,0.7641,0.771,2.16
GCNN_DIHEDRAL_4_Adam_lr0.0001_wd0.0001,42,6,0.761,0.668,0.6438,0.7825,2.16
GCNN_DIHEDRAL_4_Adam_lr0.0001_wd0.0001,42,7,0.787,0.678,0.6523,0.7894,2.16
GCNN_DIHEDRAL_4_Adam_lr0.0001_wd0.0001,42,8,0.782,0.694,0.6909,0.7858,2.16
GCNN_DIHEDRAL_4_Adam_lr0.0001_wd0.0001,42,9,0.778,0.686,0.6488,0.7984,2.16
GCNN_DIHEDRAL_4_Adam_lr0.0001_wd0.0001,42,10,0.787,0.722,0.7459,0.7912,2.16
CNN_Adam_lr0.001_wd0.0,42,1,0.666,0.684,0.6973,0.7536,0.6
CNN_Adam_lr0.001_wd0.0,42,2,0.749,0.692,0.7326,0.7459,0.6
CNN_Adam_lr0.001_wd0.0,42,3,0.749,0.71,0.7504,0.7681,0.6
CNN_Adam_lr0.001_wd0.0,42,4,0.758,0.658,0.6415,0.7488,0.6
CNN_Adam_lr0.001_wd0.0,42,5,0.765,0.72,0.7426,0.7782,0.6
CNN_Adam_lr0.001_wd0.0,42,6,0.77,0.706,0.7179,0.7639,0.6
CNN_Adam_lr0.001_wd0.0,42,7,0.787,0.688,0.6892,0.7763,0.6
CNN_Adam_lr0.001_wd0.0,42,8,0.78,0.714,0.7357,0.7787,0.6
CNN_Adam_lr0.001_wd0.0,42,9,0.779,0.682,0.6826,0.757,0.6
CNN_Adam_lr0.001_wd0.0,42,10,0.777,0.712,0.7313,0.7832,0.6
SteerableGCNN_Adam_lr0.001_wd0.0,42,1,0.666,0.648,0.689,0.7256,2.28
SteerableGCNN_Adam_lr0.001_wd0.0,42,2,0.728,0.69,0.6737,0.773,2.28
SteerableGCNN_Adam_lr0.001_wd0.0,42,3,0.774,0.704,0.7176,0.7764,2.28
SteerableGCNN_Adam_lr0.001_wd0.0,42,4,0.765,0.706,0.7018,0.787,2.28
SteerableGCNN_Adam_lr0.001_wd0.0,42,5,0.788,0.71,0.7173,0.7964,2.28
SteerableGCNN_Adam_lr0.001_wd0.0,42,6,0.765,0.714,0.7276,0.8022,2.28
SteerableGCNN_Adam_lr0.001_wd0.0,42,7,0.766,0.726,0.7532,0.7915,2.28
SteerableGCNN_Adam_lr0.001_wd0.0,42,8,0.777,0.718,0.7174,0.7932,2.28
SteerableGCNN_Adam_lr0.001_wd0.0,42,9,0.796,0.742,0.7684,0.8109,2.28
SteerableGCNN_Adam_lr0.001_wd0.0,42,10,0.788,0.724,0.7396,0.8111,2.28
GCNN_CYCLIC_4_Adam_lr0.001_wd0.0,42,1,0.479,0.484,0.0,0.5965,1.13
GCNN_CYCLIC_4_Adam_lr0.001_wd0.0,42,2,0.691,0.696,0.7352,0.7596,1.13
GCNN_CYCLIC_4_Adam_lr0.001_wd0.0,42,3,0.738,0.714,0.7442,0.7935,1.13
GCNN_CYCLIC_4_Adam_lr0.001_wd0.0,42,4,0.774,0.69,0.6869,0.7863,1.12
GCNN_CYCLIC_4_Adam_lr0.001_wd0.0,42,5,0.773,0.732,0.7572,0.8039,1.12
GCNN_CYCLIC_4_Adam_lr0.001_wd0.0,42,6,0.783,0.7,0.6875,0.8065,1.12
GCNN_CYCLIC_4_Adam_lr0.001_wd0.0,42,7,0.786,0.664,0.5981,0.7705,1.12
GCNN_CYCLIC_4_Adam_lr0.001_wd0.0,42,8,0.761,0.684,0.652,0.7821,1.13
GCNN_CYCLIC_4_Adam_lr0.001_wd0.0,42,9,0.791,0.688,0.6549,0.788,1.13
GCNN_CYCLIC_4_Adam_lr0.001_wd0.0,42,10,0.781,0.686,0.6503,0.7892,1.12
GCNN_DIHEDRAL_4_Adam_lr0.001_wd0.0,42,1,0.633,0.578,0.4462,0.7546,2.16
GCNN_DIHEDRAL_4_Adam_lr0.001_wd0.0,42,2,0.726,0.738,0.7745,0.7535,2.17
GCNN_DIHEDRAL_4_Adam_lr0.001_wd0.0,42,3,0.747,0.644,0.57,0.7549,2.16
GCNN_DIHEDRAL_4_Adam_lr0.001_wd0.0,42,4,0.752,0.65,0.5803,0.7824,2.16
GCNN_DIHEDRAL_4_Adam_lr0.001_wd0.0,42,5,0.754,0.662,0.6219,0.7861,2.16
GCNN_DIHEDRAL_4_Adam_lr0.001_wd0.0,42,6,0.766,0.584,0.3846,0.782,2.16
GCNN_DIHEDRAL_4_Adam_lr0.001_wd0.0,42,7,0.75,0.646,0.5379,0.7736,2.16
GCNN_DIHEDRAL_4_Adam_lr0.001_wd0.0,42,8,0.753,0.66,0.6047,0.7728,2.17
GCNN_DIHEDRAL_4_Adam_lr0.001_wd0.0,42,9,0.773,0.716,0.7321,0.7957,2.16
GCNN_DIHEDRAL_4_Adam_lr0.001_wd0.0,42,10,0.78,0.702,0.6809,0.7968,2.16
CNN_Adam_lr0.001_wd0.0001,42,1,0.633,0.634,0.6772,0.723,0.6
CNN_Adam_lr0.001_wd0.0001,42,2,0.703,0.574,0.4867,0.6562,0.6
CNN_Adam_lr0.001_wd0.0001,42,3,0.755,0.636,0.5845,0.7531,0.6
CNN_Adam_lr0.001_wd0.0001,42,4,0.776,0.672,0.6653,0.7715,0.6
CNN_Adam_lr0.001_wd0.0001,42,5,0.779,0.638,0.5394,0.7743,0.6
CNN_Adam_lr0.001_wd0.0001,42,6,0.759,0.686,0.6763,0.7695,0.6
CNN_Adam_lr0.001_wd0.0001,42,7,0.77,0.672,0.6323,0.7783,0.6
CNN_Adam_lr0.001_wd0.0001,42,8,0.781,0.678,0.6596,0.7838,0.6
CNN_Adam_lr0.001_wd0.0001,42,9,0.773,0.664,0.6147,0.7804,0.6
CNN_Adam_lr0.001_wd0.0001,42,10,0.786,0.696,0.6911,0.7932,0.6
SteerableGCNN_Adam_lr0.001_wd0.0001,42,1,0.594,0.684,0.7524,0.7231,2.28
SteerableGCNN_Adam_lr0.001_wd0.0001,42,2,0.747,0.714,0.7478,0.7623,2.28
SteerableGCNN_Adam_lr0.001_wd0.0001,42,3,0.761,0.712,0.7283,0.7856,2.29
SteerableGCNN_Adam_lr0.001_wd0.0001,42,4,0.746,0.574,0.3486,0.7387,2.28
SteerableGCNN_Adam_lr0.001_wd0.0001,42,5,0.769,0.686,0.6391,0.7982,2.28
SteerableGCNN_Adam_lr0.001_wd0.0001,42,6,0.777,0.728,0.7589,0.7837,2.28
SteerableGCNN_Adam_lr0.001_wd0.0001,42,7,0.772,0.736,0.7651,0.7964,2.28
SteerableGCNN_Adam_lr0.001_wd0.0001,42,8,0.777,0.732,0.7581,0.8001,2.28
SteerableGCNN_Adam_lr0.001_wd0.0001,42,9,0.782,0.748,0.7675,0.8148,2.28
SteerableGCNN_Adam_lr0.001_wd0.0001,42,10,0.779,0.616,0.4545,0.8159,2.28
GCNN_CYCLIC_4_Adam_lr0.001_wd0.0001,42,1,0.696,0.67,0.6541,0.7616,1.13
GCNN_CYCLIC_4_Adam_lr0.001_wd0.0001,42,2,0.762,0.692,0.7298,0.7606,1.13
GCNN_CYCLIC_4_Adam_lr0.001_wd0.0001,42,3,0.757,0.704,0.7132,0.7651,1.12
GCNN_CYCLIC_4_Adam_lr0.001_wd0.0001,42,4,0.744,0.642,0.5623,0.785,1.13
GCNN_CYCLIC_4_Adam_lr0.001_wd0.0001,42,5,0.733,0.71,0.729,0.7759,1.12
GCNN_CYCLIC_4_Adam_lr0.001_wd0.0001,42,6,0.769,0.704,0.7121,0.7962,1.13
GCNN_CYCLIC_4_Adam_lr0.001_wd0.0001,42,7,0.771,0.704,0.7121,0.7863,1.12
GCNN_CYCLIC_4_Adam_lr0.001_wd0.0001,42,8,0.776,0.728,0.7554,0.7876,1.13
GCNN_CYCLIC_4_Adam_lr0.001_wd0.0001,42,9,0.772,0.714,0.7234,0.7953,1.13
GCNN_CYCLIC_4_Adam_lr0.001_wd0.0001,42,10,0.788,0.722,0.7392,0.7995,1.13
GCNN_DIHEDRAL_4_Adam_lr0.001_wd0.0001,42,1,0.512,0.484,0.0,0.7336,2.16
GCNN_DIHEDRAL_4_Adam_lr0.001_wd0.0001,42,2,0.548,0.49,0.023,0.7911,2.16
GCNN_DIHEDRAL_4_Adam_lr0.001_wd0.0001,42,3,0.693,0.648,0.5294,0.7968,2.16
GCNN_DIHEDRAL_4_Adam_lr0.001_wd0.0001,42,4,0.752,0.69,0.6709,0.7542,2.16
GCNN_DIHEDRAL_4_Adam_lr0.001_wd0.0001,42,5,0.747,0.612,0.4457,0.7723,2.16
GCNN_DIHEDRAL_4_Adam_lr0.001_wd0.0001,42,6,0.727,0.704,0.7186,0.7658,2.16
GCNN_DIHEDRAL_4_Adam_lr0.001_wd0.0001,42,7,0.762,0.662,0.5908,0.7845,2.16
GCNN_DIHEDRAL_4_Adam_lr0.001_wd0.0001,42,8,0.755,0.692,0.705,0.7848,2.17
GCNN_DIHEDRAL_4_Adam_lr0.001_wd0.0001,42,9,0.77,0.686,0.6609,0.7894,2.16
GCNN_DIHEDRAL_4_Adam_lr0.001_wd0.0001,42,10,0.767,0.696,0.6996,0.7846,2.16
CNN_Adam_lr0.01_wd0.0,42,1,0.545,0.72,0.7473,0.7312,0.6
CNN_Adam_lr0.01_wd0.0,42,2,0.716,0.702,0.7496,0.7627,0.6
CNN_Adam_lr0.01_wd0.0,42,3,0.729,0.628,0.5131,0.7739,0.6
CNN_Adam_lr0.01_wd0.0,42,4,0.756,0.646,0.5496,0.7895,0.6
CNN_Adam_lr0.01_wd0.0,42,5,0.755,0.714,0.7327,0.792,0.6
CNN_Adam_lr0.01_wd0.0,42,6,0.755,0.73,0.7746,0.798,0.6
CNN_Adam_lr0.01_wd0.0,42,7,0.77,0.716,0.7428,0.7951,0.6
CNN_Adam_lr0.01_wd0.0,42,8,0.766,0.74,0.7695,0.8,0.6
CNN_Adam_lr0.01_wd0.0,42,9,0.776,0.736,0.7546,0.805,0.6
CNN_Adam_lr0.01_wd0.0,42,10,0.794,0.744,0.7739,0.8138,0.6
SteerableGCNN_Adam_lr0.01_wd0.0,42,1,0.648,0.752,0.7652,0.8139,2.28
SteerableGCNN_Adam_lr0.01_wd0.0,42,2,0.732,0.734,0.778,0.8267,2.28
SteerableGCNN_Adam_lr0.01_wd0.0,42,3,0.771,0.738,0.757,0.8323,2.28
SteerableGCNN_Adam_lr0.01_wd0.0,42,4,0.765,0.68,0.75,0.8099,2.28
SteerableGCNN_Adam_lr0.01_wd0.0,42,5,0.774,0.754,0.7905,0.8375,2.28
SteerableGCNN_Adam_lr0.01_wd0.0,42,6,0.777,0.742,0.7114,0.8437,2.28
SteerableGCNN_Adam_lr0.01_wd0.0,42,7,0.785,0.646,0.737,0.81,2.29
SteerableGCNN_Adam_lr0.01_wd0.0,42,8,0.783,0.73,0.6897,0.8367,2.28
SteerableGCNN_Adam_lr0.01_wd0.0,42,9,0.792,0.742,0.7633,0.8341,2.28
SteerableGCNN_Adam_lr0.01_wd0.0,42,10,0.798,0.682,0.5934,0.8469,2.28
GCNN_CYCLIC_4_Adam_lr0.01_wd0.0,42,1,0.519,0.516,0.6807,0.6069,1.13
GCNN_CYCLIC_4_Adam_lr0.01_wd0.0,42,2,0.584,0.658,0.7087,0.6602,1.13
GCNN_CYCLIC_4_Adam_lr0.01_wd0.0,42,3,0.646,0.672,0.7355,0.6761,1.13
GCNN_CYCLIC_4_Adam_lr0.01_wd0.0,42,4,0.65,0.67,0.741,0.7597,1.13
GCNN_CYCLIC_4_Adam_lr0.01_wd0.0,42,5,0.657,0.638,0.6785,0.7065,1.12
GCNN_CYCLIC_4_Adam_lr0.01_wd0.0,42,6,0.663,0.666,0.7203,0.7368,1.13
GCNN_CYCLIC_4_Adam_lr0.01_wd0.0,42,7,0.635,0.658,0.7155,0.6884,1.13
GCNN_CYCLIC_4_Adam_lr0.01_wd0.0,42,8,0.643,0.668,0.7233,0.621,1.12
GCNN_CYCLIC_4_Adam_lr0.01_wd0.0,42,9,0.657,0.658,0.7201,0.7057,1.13
GCNN_CYCLIC_4_Adam_lr0.01_wd0.0,42,10,0.659,0.66,0.7213,0.7444,1.13
GCNN_DIHEDRAL_4_Adam_lr0.01_wd0.0,42,1,0.621,0.66,0.7276,0.5797,2.16
GCNN_DIHEDRAL_4_Adam_lr0.01_wd0.0,42,2,0.649,0.668,0.7331,0.5911,2.16
GCNN_DIHEDRAL_4_Adam_lr0.01_wd0.0,42,3,0.647,0.67,0.7334,0.5829,2.16
GCNN_DIHEDRAL_4_Adam_lr0.01_wd0.0,42,4,0.652,0.672,0.7461,0.5696,2.16
GCNN_DIHEDRAL_4_Adam_lr0.01_wd0.0,42,5,0.643,0.66,0.7302,0.7595,2.17
GCNN_DIHEDRAL_4_Adam_lr0.01_wd0.0,42,6,0.643,0.664,0.729,0.752,2.16
GCNN_DIHEDRAL_4_Adam_lr0.01_wd0.0,42,7,0.65,0.676,0.7508,0.7412,2.16
GCNN_DIHEDRAL_4_Adam_lr0.01_wd0.0,42,8,0.654,0.718,0.7219,0.7682,2.16
GCNN_DIHEDRAL_4_Adam_lr0.01_wd0.0,42,9,0.68,0.672,0.7389,0.7634,2.17
GCNN_DIHEDRAL_4_Adam_lr0.01_wd0.0,42,10,0.662,0.67,0.7402,0.7748,2.16
CNN_Adam_lr0.01_wd0.0001,42,1,0.612,0.668,0.7414,0.6025,0.6
CNN_Adam_lr0.01_wd0.0001,42,2,0.639,0.668,0.7382,0.7492,0.6
CNN_Adam_lr0.01_wd0.0001,42,3,0.649,0.66,0.7385,0.7752,0.6
CNN_Adam_lr0.01_wd0.0001,42,4,0.712,0.708,0.7474,0.7631,0.6
CNN_Adam_lr0.01_wd0.0001,42,5,0.688,0.706,0.7521,0.7872,0.6
CNN_Adam_lr0.01_wd0.0001,42,6,0.707,0.724,0.7273,0.8002,0.6
CNN_Adam_lr0.01_wd0.0001,42,7,0.744,0.682,0.6948,0.77,0.6
CNN_Adam_lr0.01_wd0.0001,42,8,0.743,0.7,0.7137,0.7833,0.6
CNN_Adam_lr0.01_wd0.0001,42,9,0.749,0.672,0.6435,0.7714,0.6
CNN_Adam_lr0.01_wd0.0001,42,10,0.772,0.674,0.6147,0.7878,0.6
SteerableGCNN_Adam_lr0.01_wd0.0001,42,1,0.741,0.676,0.6694,0.7298,2.28
SteerableGCNN_Adam_lr0.01_wd0.0001,42,2,0.758,0.594,0.4408,0.7042,2.28
SteerableGCNN_Adam_lr0.01_wd0.0001,42,3,0.765,0.588,0.3832,0.7909,2.28
SteerableGCNN_Adam_lr0.01_wd0.0001,42,4,0.763,0.726,0.737,0.8045,2.28
SteerableGCNN_Adam_lr0.01_wd0.0001,42,5,0.764,0.71,0.6697,0.8058,2.28
SteerableGCNN_Adam_lr0.01_wd0.0001,42,6,0.779,0.622,0.4457,0.8313,2.28
SteerableGCNN_Adam_lr0.01_wd0.0001,42,7,0.787,0.742,0.7725,0.8061,2.28
SteerableGCNN_Adam_lr0.01_wd0.0001,42,8,0.778,0.744,0.7647,0.8228,2.29
SteerableGCNN_Adam_lr0.01_wd0.0001,42,9,0.775,0.64,0.5263,0.8,2.28
SteerableGCNN_Adam_lr0.01_wd0.0001,42,10,0.776,0.738,0.7082,0.8267,2.28
GCNN_CYCLIC_4_Adam_lr0.01_wd0.0001,42,1,0.502,0.484,0.0,0.5257,1.13
GCNN_CYCLIC_4_Adam_lr0.01_wd0.0001,42,2,0.503,0.484,0.0,0.5617,1.13
GCNN_CYCLIC_4_Adam_lr0.01_wd0.0001,42,3,0.511,0.484,0.0,0.6702,1.13
GCNN_CYCLIC_4_Adam_lr0.01_wd0.0001,42,4,0.539,0.484,0.0,0.7534,1.13
GCNN_CYCLIC_4_Adam_lr0.01_wd0.0001,42,5,0.601,0.516,0.6807,0.5171,1.12
GCNN_CYCLIC_4_Adam_lr0.01_wd0.0001,42,6,0.516,0.484,0.0,0.4396,1.13
GCNN_CYCLIC_4_Adam_lr0.01_wd0.0001,42,7,0.509,0.484,0.0,0.4964,1.13
GCNN_CYCLIC_4_Adam_lr0.01_wd0.0001,42,8,0.509,0.506,0.5147,0.5058,1.13
GCNN_CYCLIC_4_Adam_lr0.01_wd0.0001,42,9,0.488,0.484,0.0301,0.523,1.13
GCNN_CYCLIC_4_Adam_lr0.01_wd0.0001,42,10,0.506,0.484,0.0,0.5574,1.12
GCNN_DIHEDRAL_4_Adam_lr0.01_wd0.0001,42,1,0.521,0.484,0.0,0.7125,2.17
GCNN_DIHEDRAL_4_Adam_lr0.01_wd0.0001,42,2,0.55,0.484,0.0,0.7541,2.17
GCNN_DIHEDRAL_4_Adam_lr0.01_wd0.0001,42,3,0.579,0.666,0.7055,0.7204,2.17
GCNN_DIHEDRAL_4_Adam_lr0.01_wd0.0001,42,4,0.672,0.586,0.4679,0.7424,2.17
GCNN_DIHEDRAL_4_Adam_lr0.01_wd0.0001,42,5,0.706,0.494,0.0524,0.7617,2.17
GCNN_DIHEDRAL_4_Adam_lr0.01_wd0.0001,42,6,0.685,0.71,0.7259,0.786,2.17
GCNN_DIHEDRAL_4_Adam_lr0.01_wd0.0001,42,7,0.75,0.664,0.7507,0.7521,2.17
GCNN_DIHEDRAL_4_Adam_lr0.01_wd0.0001,42,8,0.725,0.682,0.6443,0.7875,2.17
GCNN_DIHEDRAL_4_Adam_lr0.01_wd0.0001,42,9,0.751,0.704,0.7098,0.7978,2.17
GCNN_DIHEDRAL_4_Adam_lr0.01_wd0.0001,42,10,0.736,0.718,0.7522,0.7985,2.17
CNN_AdamW_lr0.0001_wd0.0,42,1,0.61,0.658,0.6973,0.7386,0.6
CNN_AdamW_lr0.0001_wd0.0,42,2,0.74,0.686,0.6815,0.7534,0.6
CNN_AdamW_lr0.0001_wd0.0,42,3,0.742,0.67,0.6341,0.7599,0.6
CNN_AdamW_lr0.0001_wd0.0,42,4,0.749,0.686,0.6963,0.7592,0.6
CNN_AdamW_lr0.0001_wd0.0,42,5,0.77,0.634,0.5197,0.7698,0.6
CNN_AdamW_lr0.0001_wd0.0,42,6,0.761,0.698,0.7068,0.7785,0.6
CNN_AdamW_lr0.0001_wd0.0,42,7,0.764,0.664,0.6019,0.7748,0.6
CNN_AdamW_lr0.0001_wd0.0,42,8,0.772,0.696,0.682,0.783,0.6
CNN_AdamW_lr0.0001_wd0.0,42,9,0.775,0.706,0.7157,0.785,0.6
CNN_AdamW_lr0.0001_wd0.0,42,10,0.768,0.68,0.6429,0.7736,0.6
SteerableGCNN_AdamW_lr0.0001_wd0.0,42,1,0.659,0.698,0.6937,0.7796,2.29
SteerableGCNN_AdamW_lr0.0001_wd0.0,42,2,0.706,0.712,0.7198,0.7872,2.28
SteerableGCNN_AdamW_lr0.0001_wd0.0,42,3,0.733,0.716,0.7311,0.7942,2.28
SteerableGCNN_AdamW_lr0.0001_wd0.0,42,4,0.74,0.728,0.7472,0.8013,2.28
SteerableGCNN_AdamW_lr0.0001_wd0.0,42,5,0.758,0.73,0.7458,0.8051,2.29
SteerableGCNN_AdamW_lr0.0001_wd0.0,42,6,0.739,0.728,0.75,0.8077,2.28
SteerableGCNN_AdamW_lr0.0001_wd0.0,42,7,0.743,0.73,0.7379,0.8058,2.28
SteerableGCNN_AdamW_lr0.0001_wd0.0,42,8,0.738,0.738,0.7542,0.8078,2.28
SteerableGCNN_AdamW_lr0.0001_wd0.0,42,9,0.752,0.736,0.7422,0.8049,2.28
SteerableGCNN_AdamW_lr0.0001_wd0.0,42,10,0.752,0.736,0.7422,0.8068,2.28
GCNN_CYCLIC_4_AdamW_lr0.0001_wd0.0,42,1,0.478,0.516,0.6807,0.776,1.13
GCNN_CYCLIC_4_AdamW_lr0.0001_wd0.0,42,2,0.478,0.516,0.6807,0.7866,1.13
GCNN_CYCLIC_4_AdamW_lr0.0001_wd0.0,42,3,0.478,0.516,0.6807,0.7537,1.13
GCNN_CYCLIC_4_AdamW_lr0.0001_wd0.0,42,4,0.478,0.516,0.6807,0.7602,1.13
GCNN_CYCLIC_4_AdamW_lr0.0001_wd0.0,42,5,0.478,0.516,0.6807,0.7629,1.13
GCNN_CYCLIC_4_AdamW_lr0.0001_wd0.0,42,6,0.478,0.516,0.6807,0.764,1.13
GCNN_CYCLIC_4_AdamW_lr0.0001_wd0.0,42,7,0.478,0.516,0.6807,0.7254,1.12
GCNN_CYCLIC_4_AdamW_lr0.0001_wd0.0,42,8,0.478,0.516,0.6807,0.7942,1.12
GCNN_CYCLIC_4_AdamW_lr0.0001_wd0.0,42,9,0.558,0.688,0.6842,0.7705,1.12
GCNN_CYCLIC_4_AdamW_lr0.0001_wd0.0,42,10,0.726,0.692,0.726,0.7752,1.12
GCNN_DIHEDRAL_4_AdamW_lr0.0001_wd0.0,42,1,0.595,0.686,0.743,0.7432,2.16
GCNN_DIHEDRAL_4_AdamW_lr0.0001_wd0.0,42,2,0.726,0.682,0.7354,0.7475,2.16
GCNN_DIHEDRAL_4_AdamW_lr0.0001_wd0.0,42,3,0.711,0.666,0.6585,0.7376,2.16
GCNN_DIHEDRAL_4_AdamW_lr0.0001_wd0.0,42,4,0.746,0.66,0.6222,0.754,2.16
GCNN_DIHEDRAL_4_AdamW_lr0.0001_wd0.0,42,5,0.753,0.692,0.692,0.7587,2.16
GCNN_DIHEDRAL_4_AdamW_lr0.0001_wd0.0,42,6,0.741,0.682,0.661,0.7641,2.17
GCNN_DIHEDRAL_4_AdamW_lr0.0001_wd0.0,42,7,0.747,0.644,0.586,0.7608,2.17
GCNN_DIHEDRAL_4_AdamW_lr0.0001_wd0.0,42,8,0.745,0.724,0.7553,0.7635,2.17
GCNN_DIHEDRAL_4_AdamW_lr0.0001_wd0.0,42,9,0.745,0.666,0.6409,0.7667,2.16
GCNN_DIHEDRAL_4_AdamW_lr0.0001_wd0.0,42,10,0.755,0.682,0.6864,0.7687,2.16
CNN_AdamW_lr0.0001_wd0.0001,42,1,0.635,0.67,0.6374,0.7508,0.59
CNN_AdamW_lr0.0001_wd0.0001,42,2,0.724,0.674,0.7115,0.7552,0.59
CNN_AdamW_lr0.0001_wd0.0001,42,3,0.75,0.678,0.6653,0.7664,0.59
CNN_AdamW_lr0.0001_wd0.0001,42,4,0.753,0.658,0.6032,0.7645,0.59
CNN_AdamW_lr0.0001_wd0.0001,42,5,0.764,0.688,0.6941,0.774,0.59
CNN_AdamW_lr0.0001_wd0.0001,42,6,0.764,0.698,0.701,0.78,0.6
CNN_AdamW_lr0.0001_wd0.0001,42,7,0.753,0.722,0.7402,0.7824,0.59
CNN_AdamW_lr0.0001_wd0.0001,42,8,0.771,0.696,0.6972,0.7818,0.6
CNN_AdamW_lr0.0001_wd0.0001,42,9,0.767,0.664,0.6019,0.7724,0.59
CNN_AdamW_lr0.0001_wd0.0001,42,10,0.778,0.672,0.6204,0.7774,0.59
SteerableGCNN_AdamW_lr0.0001_wd0.0001,42,1,0.546,0.49,0.5487,0.4447,2.29
SteerableGCNN_AdamW_lr0.0001_wd0.0001,42,2,0.615,0.67,0.7059,0.7108,2.28
SteerableGCNN_AdamW_lr0.0001_wd0.0001,42,3,0.714,0.724,0.7454,0.7825,2.28
SteerableGCNN_AdamW_lr0.0001_wd0.0001,42,4,0.743,0.726,0.735,0.7933,2.28
SteerableGCNN_AdamW_lr0.0001_wd0.0001,42,5,0.73,0.72,0.7276,0.7965,2.28
SteerableGCNN_AdamW_lr0.0001_wd0.0001,42,6,0.732,0.722,0.728,0.7973,2.28
SteerableGCNN_AdamW_lr0.0001_wd0.0001,42,7,0.753,0.732,0.7413,0.8054,2.28
SteerableGCNN_AdamW_lr0.0001_wd0.0001,42,8,0.751,0.72,0.7177,0.8038,2.28
SteerableGCNN_AdamW_lr0.0001_wd0.0001,42,9,0.768,0.734,0.7397,0.8047,2.28
SteerableGCNN_AdamW_lr0.0001_wd0.0001,42,10,0.751,0.728,0.7302,0.7953,2.28
GCNN_CYCLIC_4_AdamW_lr0.0001_wd0.0001,42,1,0.616,0.692,0.7556,0.734,1.12
GCNN_CYCLIC_4_AdamW_lr0.0001_wd0.0001,42,2,0.738,0.706,0.7578,0.7437,1.13
GCNN_CYCLIC_4_AdamW_lr0.0001_wd0.0001,42,3,0.739,0.688,0.7057,0.7674,1.13
GCNN_CYCLIC_4_AdamW_lr0.0001_wd0.0001,42,4,0.764,0.694,0.7052,0.7781,1.12
GCNN_CYCLIC_4_AdamW_lr0.0001_wd0.0001,42,5,0.759,0.68,0.6552,0.7784,1.12
GCNN_CYCLIC_4_AdamW_lr0.0001_wd0.0001,42,6,0.769,0.716,0.7311,0.7828,1.13
GCNN_CYCLIC_4_AdamW_lr0.0001_wd0.0001,42,7,0.775,0.688,0.6638,0.7785,1.12
GCNN_CYCLIC_4_AdamW_lr0.0001_wd0.0001,42,8,0.775,0.65,0.5783,0.7706,1.12
GCNN_CYCLIC_4_AdamW_lr0.0001_wd0.0001,42,9,0.769,0.686,0.6565,0.7792,1.12
GCNN_CYCLIC_4_AdamW_lr0.0001_wd0.0001,42,10,0.781,0.706,0.7112,0.7887,1.12
GCNN_DIHEDRAL_4_AdamW_lr0.0001_wd0.0001,42,1,0.688,0.638,0.5371,0.7534,2.17
GCNN_DIHEDRAL_4_AdamW_lr0.0001_wd0.0001,42,2,0.735,0.67,0.6809,0.7395,2.17
GCNN_DIHEDRAL_4_AdamW_lr0.0001_wd0.0001,42,3,0.751,0.674,0.6733,0.7501,2.17
GCNN_DIHEDRAL_4_AdamW_lr0.0001_wd0.0001,42,4,0.752,0.676,0.6582,0.7618,2.17
GCNN_DIHEDRAL_4_AdamW_lr0.0001_wd0.0001,42,5,0.774,0.702,0.7194,0.7527,2.17
GCNN_DIHEDRAL_4_AdamW_lr0.0001_wd0.0001,42,6,0.75,0.692,0.7027,0.7747,2.17
GCNN_DIHEDRAL_4_AdamW_lr0.0001_wd0.0001,42,7,0.77,0.674,0.6583,0.768,2.17
GCNN_DIHEDRAL_4_AdamW_lr0.0001_wd0.0001,42,8,0.779,0.7,0.718,0.7706,2.17
GCNN_DIHEDRAL_4_AdamW_lr0.0001_wd0.0001,42,9,0.764,0.642,0.5445,0.7658,2.17
GCNN_DIHEDRAL_4_AdamW_lr0.0001_wd0.0001,42,10,0.77,0.686,0.6903,0.7719,2.17
CNN_AdamW_lr0.001_wd0.0,42,1,0.642,0.68,0.746,0.7599,0.6
CNN_AdamW_lr0.001_wd0.0,42,2,0.657,0.68,0.746,0.7781,0.6
CNN_AdamW_lr0.001_wd0.0,42,3,0.749,0.702,0.7162,0.7846,0.6
CNN_AdamW_lr0.001_wd0.0,42,4,0.751,0.706,0.7211,0.7942,0.6
CNN_AdamW_lr0.001_wd0.0,42,5,0.777,0.732,0.7666,0.8014,0.6
CNN_AdamW_lr0.001_wd0.0,42,6,0.777,0.66,0.5771,0.803,0.6
CNN_AdamW_lr0.001_wd0.0,42,7,0.781,0.676,0.6143,0.8025,0.6
CNN_AdamW_lr0.001_wd0.0,42,8,0.778,0.614,0.4908,0.7907,0.6
CNN_AdamW_lr0.001_wd0.0,42,9,0.786,0.712,0.722,0.811,0.6
CNN_AdamW_lr0.001_wd0.0,42,10,0.786,0.726,0.7329,0.8177,0.6
SteerableGCNN_AdamW_lr0.001_wd0.0,42,1,0.679,0.686,0.6217,0.8007,2.29
SteerableGCNN_AdamW_lr0.001_wd0.0,42,2,0.744,0.706,0.7273,0.7619,2.29
SteerableGCNN_AdamW_lr0.001_wd0.0,42,3,0.757,0.736,0.76,0.7822,2.28
SteerableGCNN_AdamW_lr0.001_wd0.0,42,4,0.768,0.722,0.7549,0.7851,2.29
SteerableGCNN_AdamW_lr0.001_wd0.0,42,5,0.766,0.754,0.7574,0.8186,2.29
SteerableGCNN_AdamW_lr0.001_wd0.0,42,6,0.768,0.734,0.709,0.8141,2.29
SteerableGCNN_AdamW_lr0.001_wd0.0,42,7,0.782,0.764,0.7713,0.8228,2.29
SteerableGCNN_AdamW_lr0.001_wd0.0,42,8,0.778,0.76,0.759,0.817,2.29
SteerableGCNN_AdamW_lr0.001_wd0.0,42,9,0.776,0.752,0.7459,0.8226,2.29
SteerableGCNN_AdamW_lr0.001_wd0.0,42,10,0.785,0.764,0.7668,0.8202,2.29
GCNN_CYCLIC_4_AdamW_lr0.001_wd0.0,42,1,0.505,0.484,0.0,0.6902,1.13
GCNN_CYCLIC_4_AdamW_lr0.001_wd0.0,42,2,0.52,0.638,0.6796,0.6405,1.13
GCNN_CYCLIC_4_AdamW_lr0.001_wd0.0,42,3,0.625,0.68,0.7476,0.6853,1.13
GCNN_CYCLIC_4_AdamW_lr0.001_wd0.0,42,4,0.645,0.646,0.6932,0.6343,1.13
GCNN_CYCLIC_4_AdamW_lr0.001_wd0.0,42,5,0.653,0.668,0.7205,0.6342,1.13
GCNN_CYCLIC_4_AdamW_lr0.001_wd0.0,42,6,0.665,0.674,0.7288,0.6364,1.13
GCNN_CYCLIC_4_AdamW_lr0.001_wd0.0,42,7,0.671,0.662,0.7131,0.6333,1.13
GCNN_CYCLIC_4_AdamW_lr0.001_wd0.0,42,8,0.67,0.666,0.7184,0.6368,1.13
GCNN_CYCLIC_4_AdamW_lr0.001_wd0.0,42,9,0.661,0.678,0.733,0.6327,1.13
GCNN_CYCLIC_4_AdamW_lr0.001_wd0.0,42,10,0.66,0.656,0.7065,0.6232,1.13
GCNN_DIHEDRAL_4_AdamW_lr0.001_wd0.0,42,1,0.539,0.484,0.0,0.6784,2.17
GCNN_DIHEDRAL_4_AdamW_lr0.001_wd0.0,42,2,0.557,0.686,0.7161,0.7251,2.17
GCNN_DIHEDRAL_4_AdamW_lr0.001_wd0.0,42,3,0.728,0.718,0.7531,0.7773,2.17
GCNN_DIHEDRAL_4_AdamW_lr0.001_wd0.0,42,4,0.745,0.708,0.7296,0.7775,2.17
GCNN_DIHEDRAL_4_AdamW_lr0.001_wd0.0,42,5,0.758,0.658,0.6208,0.7754,2.17
GCNN_DIHEDRAL_4_AdamW_lr0.001_wd0.0,42,6,0.781,0.698,0.6874,0.7643,2.17
GCNN_DIHEDRAL_4_AdamW_lr0.001_wd0.0,42,7,0.763,0.668,0.6513,0.7784,2.18
GCNN_DIHEDRAL_4_AdamW_lr0.001_wd0.0,42,8,0.77,0.698,0.7045,0.7933,2.17
GCNN_DIHEDRAL_4_AdamW_lr0.001_wd0.0,42,9,0.781,0.686,0.6695,0.8025,2.17
GCNN_DIHEDRAL_4_AdamW_lr0.001_wd0.0,42,10,0.78,0.72,0.7338,0.8015,2.17
CNN_AdamW_lr0.001_wd0.0001,42,1,0.61,0.622,0.5714,0.724,0.6
CNN_AdamW_lr0.001_wd0.0001,42,2,0.73,0.658,0.6354,0.7557,0.6
CNN_AdamW_lr0.001_wd0.0001,42,3,0.73,0.704,0.7208,0.7704,0.6
CNN_AdamW_lr0.001_wd0.0001,42,4,0.73,0.69,0.7002,0.7691,0.6
CNN_AdamW_lr0.001_wd0.0001,42,5,0.767,0.7,0.7387,0.7739,0.6
CNN_AdamW_lr0.001_wd0.0001,42,6,0.767,0.632,0.5468,0.7682,0.6
CNN_AdamW_lr0.001_wd0.0001,42,7,0.744,0.64,0.5946,0.7535,0.6
CNN_AdamW_lr0.001_wd0.0001,42,8,0.78,0.686,0.6624,0.7699,0.6
CNN_AdamW_lr0.001_wd0.0001,42,9,0.766,0.716,0.728,0.7816,0.6
CNN_AdamW_lr0.001_wd0.0001,42,10,0.779,0.698,0.6753,0.7786,0.6
SteerableGCNN_AdamW_lr0.001_wd0.0001,42,1,0.68,0.664,0.5821,0.7703,2.29
SteerableGCNN_AdamW_lr0.001_wd0.0001,42,2,0.755,0.71,0.7071,0.7832,2.29
SteerableGCNN_AdamW_lr0.001_wd0.0001,42,3,0.749,0.702,0.6889,0.7898,2.29
SteerableGCNN_AdamW_lr0.001_wd0.0001,42,4,0.757,0.708,0.6867,0.7908,2.29
SteerableGCNN_AdamW_lr0.001_wd0.0001,42,5,0.765,0.716,0.716,0.7949,2.29
SteerableGCNN_AdamW_lr0.001_wd0.0001,42,6,0.774,0.738,0.7385,0.8011,2.29
SteerableGCNN_AdamW_lr0.001_wd0.0001,42,7,0.771,0.732,0.7528,0.8028,2.29
SteerableGCNN_AdamW_lr0.001_wd0.0001,42,8,0.763,0.688,0.6471,0.7939,2.29
SteerableGCNN_AdamW_lr0.001_wd0.0001,42,9,0.772,0.712,0.6814,0.8003,2.29
SteerableGCNN_AdamW_lr0.001_wd0.0001,42,10,0.766,0.756,0.7645,0.8131,2.29
GCNN_CYCLIC_4_AdamW_lr0.001_wd0.0001,42,1,0.623,0.648,0.7373,0.713,1.13
GCNN_CYCLIC_4_AdamW_lr0.001_wd0.0001,42,2,0.71,0.518,0.2201,0.7603,1.13
GCNN_CYCLIC_4_AdamW_lr0.001_wd0.0001,42,3,0.722,0.694,0.7203,0.7217,1.13
GCNN_CYCLIC_4_AdamW_lr0.001_wd0.0001,42,4,0.749,0.736,0.7676,0.7906,1.13
GCNN_CYCLIC_4_AdamW_lr0.001_wd0.0001,42,5,0.756,0.732,0.7853,0.7708,1.13
GCNN_CYCLIC_4_AdamW_lr0.001_wd0.0001,42,6,0.749,0.72,0.7368,0.7893,1.13
GCNN_CYCLIC_4_AdamW_lr0.001_wd0.0001,42,7,0.753,0.74,0.7797,0.7856,1.13
GCNN_CYCLIC_4_AdamW_lr0.001_wd0.0001,42,8,0.768,0.742,0.7701,0.7909,1.13
GCNN_CYCLIC_4_AdamW_lr0.001_wd0.0001,42,9,0.764,0.726,0.7532,0.7845,1.13
GCNN_CYCLIC_4_AdamW_lr0.001_wd0.0001,42,10,0.761,0.742,0.7692,0.8204,1.13
GCNN_DIHEDRAL_4_AdamW_lr0.001_wd0.0001,42,1,0.544,0.642,0.6832,0.6311,2.17
GCNN_DIHEDRAL_4_AdamW_lr0.001_wd0.0001,42,2,0.646,0.616,0.6458,0.6363,2.17
GCNN_DIHEDRAL_4_AdamW_lr0.001_wd0.0001,42,3,0.655,0.636,0.6796,0.6188,2.18
GCNN_DIHEDRAL_4_AdamW_lr0.001_wd0.0001,42,4,0.644,0.654,0.7053,0.6377,2.17
GCNN_DIHEDRAL_4_AdamW_lr0.001_wd0.0001,42,5,0.653,0.672,0.7389,0.6251,2.17
GCNN_DIHEDRAL_4_AdamW_lr0.001_wd0.0001,42,6,0.655,0.674,0.7433,0.5997,2.17
GCNN_DIHEDRAL_4_AdamW_lr0.001_wd0.0001,42,7,0.657,0.672,0.7405,0.6187,2.17
GCNN_DIHEDRAL_4_AdamW_lr0.001_wd0.0001,42,8,0.663,0.672,0.7413,0.6069,2.17
GCNN_DIHEDRAL_4_AdamW_lr0.001_wd0.0001,42,9,0.652,0.66,0.7128,0.6327,2.17
GCNN_DIHEDRAL_4_AdamW_lr0.001_wd0.0001,42,10,0.659,0.674,0.7441,0.5912,2.17
CNN_AdamW_lr0.01_wd0.0,42,1,0.5,0.484,0.0,0.7327,0.6
CNN_AdamW_lr0.01_wd0.0,42,2,0.6,0.664,0.7282,0.6032,0.6
CNN_AdamW_lr0.01_wd0.0,42,3,0.627,0.668,0.7422,0.6194,0.6
CNN_AdamW_lr0.01_wd0.0,42,4,0.674,0.708,0.7181,0.7726,0.6
CNN_AdamW_lr0.01_wd0.0,42,5,0.751,0.7,0.6725,0.8084,0.6
CNN_AdamW_lr0.01_wd0.0,42,6,0.738,0.698,0.6937,0.7744,0.6
CNN_AdamW_lr0.01_wd0.0,42,7,0.758,0.726,0.7329,0.814,0.6
CNN_AdamW_lr0.01_wd0.0,42,8,0.775,0.726,0.714,0.8227,0.6
CNN_AdamW_lr0.01_wd0.0,42,9,0.775,0.72,0.7046,0.825,0.6
CNN_AdamW_lr0.01_wd0.0,42,10,0.781,0.742,0.7383,0.8255,0.6
SteerableGCNN_AdamW_lr0.01_wd0.0,42,1,0.686,0.636,0.5285,0.7749,2.29
SteerableGCNN_AdamW_lr0.01_wd0.0,42,2,0.749,0.684,0.6695,0.7874,2.29
SteerableGCNN_AdamW_lr0.01_wd0.0,42,3,0.753,0.698,0.671,0.7806,2.29
SteerableGCNN_AdamW_lr0.01_wd0.0,42,4,0.781,0.738,0.7277,0.8112,2.29
SteerableGCNN_AdamW_lr0.01_wd0.0,42,5,0.743,0.722,0.7311,0.8093,2.29
SteerableGCNN_AdamW_lr0.01_wd0.0,42,6,0.773,0.64,0.5109,0.8219,2.29
SteerableGCNN_AdamW_lr0.01_wd0.0,42,7,0.773,0.62,0.4571,0.82,2.29
SteerableGCNN_AdamW_lr0.01_wd0.0,42,8,0.784,0.736,0.7732,0.8114,2.29
SteerableGCNN_AdamW_lr0.01_wd0.0,42,9,0.779,0.734,0.7816,0.8185,2.29
SteerableGCNN_AdamW_lr0.01_wd0.0,42,10,0.788,0.752,0.7762,0.8245,2.29
GCNN_CYCLIC_4_AdamW_lr0.01_wd0.0,42,1,0.602,0.668,0.7357,0.6233,1.13
GCNN_CYCLIC_4_AdamW_lr0.01_wd0.0,42,2,0.642,0.666,0.7419,0.5902,1.13
GCNN_CYCLIC_4_AdamW_lr0.01_wd0.0,42,3,0.648,0.67,0.736,0.6293,1.13
GCNN_CYCLIC_4_AdamW_lr0.01_wd0.0,42,4,0.654,0.674,0.7332,0.6268,1.13
GCNN_CYCLIC_4_AdamW_lr0.01_wd0.0,42,5,0.654,0.662,0.727,0.6231,1.13
GCNN_CYCLIC_4_AdamW_lr0.01_wd0.0,42,6,0.657,0.656,0.7034,0.6241,1.13
GCNN_CYCLIC_4_AdamW_lr0.01_wd0.0,42,7,0.651,0.662,0.7131,0.6233,1.13
GCNN_CYCLIC_4_AdamW_lr0.01_wd0.0,42,8,0.656,0.676,0.7412,0.6059,1.13
GCNN_CYCLIC_4_AdamW_lr0.01_wd0.0,42,9,0.655,0.662,0.714,0.6198,1.13
GCNN_CYCLIC_4_AdamW_lr0.01_wd0.0,42,10,0.649,0.664,0.7191,0.6279,1.13
GCNN_DIHEDRAL_4_AdamW_lr0.01_wd0.0,42,1,0.514,0.484,0.0,0.6169,2.17
GCNN_DIHEDRAL_4_AdamW_lr0.01_wd0.0,42,2,0.496,0.484,0.0,0.3118,2.17
GCNN_DIHEDRAL_4_AdamW_lr0.01_wd0.0,42,3,0.522,0.484,0.0,0.511,2.17
GCNN_DIHEDRAL_4_AdamW_lr0.01_wd0.0,42,4,0.522,0.484,0.0,0.475,2.17
GCNN_DIHEDRAL_4_AdamW_lr0.01_wd0.0,42,5,0.51,0.484,0.0,0.5321,2.17
GCNN_DIHEDRAL_4_AdamW_lr0.01_wd0.0,42,6,0.5,0.484,0.0,0.6864,2.17
GCNN_DIHEDRAL_4_AdamW_lr0.01_wd0.0,42,7,0.579,0.64,0.7152,0.6316,2.17
GCNN_DIHEDRAL_4_AdamW_lr0.01_wd0.0,42,8,0.63,0.65,0.7328,0.6192,2.17
GCNN_DIHEDRAL_4_AdamW_lr0.01_wd0.0,42,9,0.642,0.664,0.7316,0.7117,2.17
GCNN_DIHEDRAL_4_AdamW_lr0.01_wd0.0,42,10,0.645,0.662,0.7363,0.7114,2.17
CNN_AdamW_lr0.01_wd0.0001,42,1,0.517,0.636,0.7174,0.6323,0.6
CNN_AdamW_lr0.01_wd0.0001,42,2,0.572,0.66,0.7377,0.716,0.6
CNN_AdamW_lr0.01_wd0.0001,42,3,0.707,0.68,0.6992,0.7289,0.6
CNN_AdamW_lr0.01_wd0.0001,42,4,0.743,0.68,0.6708,0.7491,0.6
CNN_AdamW_lr0.01_wd0.0001,42,5,0.752,0.736,0.766,0.7923,0.6
CNN_AdamW_lr0.01_wd0.0001,42,6,0.771,0.732,0.769,0.7728,0.6
CNN_AdamW_lr0.01_wd0.0001,42,7,0.788,0.74,0.7584,0.813,0.6
CNN_AdamW_lr0.01_wd0.0001,42,8,0.775,0.73,0.7284,0.8125,0.6
CNN_AdamW_lr0.01_wd0.0001,42,9,0.784,0.714,0.7088,0.804,0.6
CNN_AdamW_lr0.01_wd0.0001,42,10,0.796,0.726,0.7287,0.8018,0.6
SteerableGCNN_AdamW_lr0.01_wd0.0001,42,1,0.701,0.486,0.0586,0.6938,2.29
SteerableGCNN_AdamW_lr0.01_wd0.0001,42,2,0.76,0.5,0.1007,0.7931,2.29
SteerableGCNN_AdamW_lr0.01_wd0.0001,42,3,0.758,0.718,0.6773,0.8075,2.29
SteerableGCNN_AdamW_lr0.01_wd0.0001,42,4,0.768,0.544,0.2349,0.8276,2.29
SteerableGCNN_AdamW_lr0.01_wd0.0001,42,5,0.759,0.482,0.0,0.8267,2.29
SteerableGCNN_AdamW_lr0.01_wd0.0001,42,6,0.781,0.69,0.6283,0.8192,2.29
SteerableGCNN_AdamW_lr0.01_wd0.0001,42,7,0.784,0.602,0.413,0.8225,2.29
SteerableGCNN_AdamW_lr0.01_wd0.0001,42,8,0.791,0.532,0.1875,0.8329,2.29
SteerableGCNN_AdamW_lr0.01_wd0.0001,42,9,0.764,0.532,0.2353,0.7026,2.29
SteerableGCNN_AdamW_lr0.01_wd0.0001,42,10,0.763,0.724,0.7738,0.809,2.29
GCNN_CYCLIC_4_AdamW_lr0.01_wd0.0001,42,1,0.639,0.72,0.7643,0.7317,1.13
GCNN_CYCLIC_4_AdamW_lr0.01_wd0.0001,42,2,0.694,0.714,0.7547,0.7387,1.13
GCNN_CYCLIC_4_AdamW_lr0.01_wd0.0001,42,3,0.713,0.692,0.6944,0.7634,1.13
GCNN_CYCLIC_4_AdamW_lr0.01_wd0.0001,42,4,0.743,0.714,0.7168,0.8117,1.13
GCNN_CYCLIC_4_AdamW_lr0.01_wd0.0001,42,5,0.754,0.684,0.6865,0.7416,1.13
GCNN_CYCLIC_4_AdamW_lr0.01_wd0.0001,42,6,0.744,0.724,0.7509,0.8013,1.13
GCNN_CYCLIC_4_AdamW_lr0.01_wd0.0001,42,7,0.742,0.696,0.6637,0.7994,1.13
GCNN_CYCLIC_4_AdamW_lr0.01_wd0.0001,42,8,0.791,0.736,0.7471,0.7964,1.13
GCNN_CYCLIC_4_AdamW_lr0.01_wd0.0001,42,9,0.774,0.752,0.7778,0.809,1.13
GCNN_CYCLIC_4_AdamW_lr0.01_wd0.0001,42,10,0.765,0.718,0.7006,0.8169,1.13
GCNN_DIHEDRAL_4_AdamW_lr0.01_wd0.0001,42,1,0.609,0.696,0.6984,0.7463,2.17
GCNN_DIHEDRAL_4_AdamW_lr0.01_wd0.0001,42,2,0.731,0.616,0.5596,0.7288,2.17
GCNN_DIHEDRAL_4_AdamW_lr0.01_wd0.0001,42,3,0.728,0.698,0.7045,0.7774,2.17
GCNN_DIHEDRAL_4_AdamW_lr0.01_wd0.0001,42,4,0.737,0.736,0.7692,0.7625,2.17
GCNN_DIHEDRAL_4_AdamW_lr0.01_wd0.0001,42,5,0.759,0.708,0.7266,0.768,2.17
GCNN_DIHEDRAL_4_AdamW_lr0.01_wd0.0001,42,6,0.74,0.708,0.708,0.8039,2.17
GCNN_DIHEDRAL_4_AdamW_lr0.01_wd0.0001,42,7,0.757,0.736,0.7676,0.7915,2.17
GCNN_DIHEDRAL_4_AdamW_lr0.01_wd0.0001,42,8,0.753,0.712,0.6949,0.7931,2.17
GCNN_DIHEDRAL_4_AdamW_lr0.01_wd0.0001,42,9,0.762,0.726,0.7255,0.8153,2.17
GCNN_DIHEDRAL_4_AdamW_lr0.01_wd0.0001,42,10,0.757,0.734,0.7646,0.8152,2.17
